source	destination	sequence	longitude	latitude
SHA	SGP	0	121.750000	31.250000
SHA	SGP	1	121.839752	31.258596
SHA	SGP	2	121.944122	31.062345
SHA	SGP	3	122.669220	30.932268
SHA	SGP	4	122.891141	30.901897
SHA	SGP	5	122.878907	30.349364
SHA	SGP	6	122.875214	30.181935
SHA	SGP	7	122.652515	29.623632
SHA	SGP	8	122.557297	29.383970
SHA	SGP	9	122.239380	28.579698
SHA	SGP	10	121.300000	27.800000
SHA	SGP	11	120.787503	26.976762
SHA	SGP	12	120.232569	26.078521
SHA	SGP	13	120.000000	25.700000
SHA	SGP	14	119.820497	25.236972
SHA	SGP	15	119.761963	25.085599
SHA	SGP	16	119.523707	24.707707
SHA	SGP	17	119.338820	24.448861
SHA	SGP	18	118.980046	23.949944
SHA	SGP	19	118.724128	23.582665
SHA	SGP	20	118.203464	22.930938
SHA	SGP	21	118.030487	22.691517
SHA	SGP	22	117.437994	21.922538
SHA	SGP	23	116.501700	20.601113
SHA	SGP	24	115.841059	19.666279
SHA	SGP	25	114.338334	17.570129
SHA	SGP	26	112.965000	15.727800
SHA	SGP	27	111.478346	12.523981
SHA	SGP	28	111.053400	11.608200
SHA	SGP	29	110.806970	11.263464
SHA	SGP	30	110.027598	10.173186
SHA	SGP	31	108.702300	8.319200
SHA	SGP	32	104.482294	1.341312
SHA	SGP	33	104.145848	1.249295
SHA	SGP	34	103.861103	1.171415
SHA	SGP	35	103.763466	1.259893
SHA	SGP	36	103.820000	1.260000
SGP	CMB	0	103.820000	1.260000
SGP	CMB	1	103.763466	1.259893
SGP	CMB	2	103.658066	1.197766
SGP	CMB	3	103.600000	1.100000
SGP	CMB	4	102.000000	2.000000
SGP	CMB	5	101.316415	2.586072
SGP	CMB	6	100.600000	3.200000
SGP	CMB	7	99.763807	4.084523
SGP	CMB	8	98.128129	5.811729
SGP	CMB	9	94.326449	6.157121
SGP	CMB	10	90.000000	6.466400
SGP	CMB	11	85.947900	6.198300
SGP	CMB	12	81.900000	5.900000
SGP	CMB	13	80.100000	5.800000
SGP	CMB	14	79.826660	6.424484
SGP	CMB	15	79.789581	6.994585
SGP	CMB	16	79.800000	6.930000
CMB	CPT	0	79.800000	6.930000
CMB	CPT	1	79.789581	6.994585
CMB	CPT	2	78.868856	6.674926
CMB	CPT	3	78.019032	6.387793
CMB	CPT	4	73.845613	4.845613
CMB	CPT	5	73.560879	4.143884
CMB	CPT	6	70.000000	-0.000030
CMB	CPT	7	67.523700	-2.512000
CMB	CPT	8	67.449371	-2.586972
CMB	CPT	9	66.708666	-3.334083
CMB	CPT	10	66.029828	-6.084242
CMB	CPT	11	65.054317	-10.036300
CMB	CPT	12	63.938262	-14.090889
CMB	CPT	13	59.204526	-19.379363
CMB	CPT	14	58.000000	-20.700000
CMB	CPT	15	56.119753	-21.767695
CMB	CPT	16	48.100000	-26.400000
CMB	CPT	17	44.117600	-28.259500
CMB	CPT	18	40.000000	-30.000000
CMB	CPT	19	34.357900	-31.878900
CMB	CPT	20	28.500000	-33.500000
CMB	CPT	21	26.000000	-34.500000
CMB	CPT	22	22.000000	-35.000000
CMB	CPT	23	18.000000	-35.000000
CMB	CPT	24	18.237305	-33.840764
CMB	CPT	25	18.428192	-33.862433
CMB	CPT	26	18.350000	-33.900000
CPT	SAN	0	18.350000	-33.900000
CPT	SAN	1	18.428192	-33.862433
CPT	SAN	2	18.237305	-33.840764
CPT	SAN	3	18.000000	-35.000000
CPT	SAN	4	10.001621	-33.860140
CPT	SAN	5	6.861079	-33.412577
CPT	SAN	6	2.577253	-32.802083
CPT	SAN	7	0.001027	-32.434942
CPT	SAN	8	-1.979997	-32.152623
CPT	SAN	9	-8.931245	-31.161991
CPT	SAN	10	-9.999576	-31.009742
CPT	SAN	11	-10.839833	-30.913051
CPT	SAN	12	-20.000000	-30.000000
CPT	SAN	13	-28.466397	-28.551201
CPT	SAN	14	-29.999521	-28.288848
CPT	SAN	15	-32.074495	-27.933771
CPT	SAN	16	-36.932742	-27.102411
CPT	SAN	17	-39.822593	-26.607890
CPT	SAN	18	-41.289080	-26.356940
CPT	SAN	19	-42.873028	-26.085889
CPT	SAN	20	-44.676636	-25.772514
CPT	SAN	21	-46.300000	-24.300000
CPT	SAN	22	-46.347885	-23.981547
CPT	SAN	23	-46.300000	-24.000000
SHA	LAP	0	121.750000	31.250000
SHA	LAP	1	121.839752	31.258596
SHA	LAP	2	122.900000	31.300000
SHA	LAP	3	125.343830	32.983736
SHA	LAP	4	126.035156	33.454360
SHA	LAP	5	126.643151	33.735423
SHA	LAP	6	127.444583	34.104419
SHA	LAP	7	128.169250	34.406910
SHA	LAP	8	128.916321	34.761923
SHA	LAP	9	129.200000	35.000000
SHA	LAP	10	129.597473	35.429344
SHA	LAP	11	129.972285	35.665533
SHA	LAP	12	139.744224	41.259182
SHA	LAP	13	140.352539	41.363637
SHA	LAP	14	141.277588	41.681992
SHA	LAP	15	143.401627	41.699651
SHA	LAP	16	146.000000	43.200000
SHA	LAP	17	153.687693	46.196119
SHA	LAP	18	157.933307	47.444876
SHA	LAP	19	160.194187	48.109865
SHA	LAP	20	160.925037	48.324829
SHA	LAP	21	161.437300	48.475500
SHA	LAP	22	169.785750	50.154218
SHA	LAP	23	170.203900	50.238300
SHA	LAP	24	172.354557	50.483925
SHA	LAP	25	174.140093	50.687849
SHA	LAP	26	180.000000	50.000000
SHA	LAP	27	180.514157	50.252896
SHA	LAP	28	183.003777	50.558732
SHA	LAP	29	188.444846	51.295103
SHA	LAP	30	191.794400	51.096600
SHA	LAP	31	191.919030	51.079944
SHA	LAP	32	194.377043	50.751454
SHA	LAP	33	197.205832	50.373414
SHA	LAP	34	200.000000	50.000000
SHA	LAP	35	205.464600	49.171400
SHA	LAP	36	206.544495	48.950813
SHA	LAP	37	208.409701	48.569813
SHA	LAP	38	209.998947	48.245182
SHA	LAP	39	210.723400	48.097200
SHA	LAP	40	212.515975	47.633164
SHA	LAP	41	215.745700	46.797100
SHA	LAP	42	216.258680	46.635358
SHA	LAP	43	219.997273	45.456581
SHA	LAP	44	220.514500	45.293500
SHA	LAP	45	223.671314	44.111743
SHA	LAP	46	225.023100	43.605700
SHA	LAP	47	225.299832	43.485814
SHA	LAP	48	227.588704	42.494230
SHA	LAP	49	227.709097	42.442073
SHA	LAP	50	229.279600	41.761700
SHA	LAP	51	229.999156	41.407661
SHA	LAP	52	230.118080	41.349148
SHA	LAP	53	230.978305	40.925896
SHA	LAP	54	233.297900	39.784600
SHA	LAP	55	236.001228	38.302430
SHA	LAP	56	237.100000	37.700000
SHA	LAP	57	239.115900	34.436100
SHA	LAP	58	239.499500	34.354500
SHA	LAP	59	240.126600	34.212200
SHA	LAP	60	240.490100	34.127300
SHA	LAP	61	240.732900	34.078600
SHA	LAP	62	241.078700	33.912500
SHA	LAP	63	241.513300	33.705600
SHA	LAP	64	241.535200	33.636400
SHA	LAP	65	241.705000	33.638400
SHA	LAP	66	241.821200	33.627900
SHA	LAP	67	241.878500	33.627600
SHA	LAP	68	241.805511	33.703898
SHA	LAP	69	-118.250000	33.720000
BUS	VAN	0	129.050000	35.070000
BUS	VAN	1	129.200000	35.000000
BUS	VAN	2	129.597473	35.429344
BUS	VAN	3	129.972285	35.665533
BUS	VAN	4	139.744224	41.259182
BUS	VAN	5	140.352539	41.363637
BUS	VAN	6	141.277588	41.681992
BUS	VAN	7	143.401627	41.699651
BUS	VAN	8	146.000000	43.200000
BUS	VAN	9	153.687693	46.196119
BUS	VAN	10	157.933307	47.444876
BUS	VAN	11	160.194187	48.109865
BUS	VAN	12	160.925037	48.324829
BUS	VAN	13	161.437300	48.475500
BUS	VAN	14	169.785750	50.154218
BUS	VAN	15	170.203900	50.238300
BUS	VAN	16	172.354557	50.483925
BUS	VAN	17	174.140093	50.687849
BUS	VAN	18	180.000000	50.000000
BUS	VAN	19	180.514157	50.252896
BUS	VAN	20	183.003777	50.558732
BUS	VAN	21	188.444846	51.295103
BUS	VAN	22	191.794400	51.096600
BUS	VAN	23	191.919030	51.079944
BUS	VAN	24	192.528370	51.486083
BUS	VAN	25	194.825116	51.593110
BUS	VAN	26	196.745130	51.682581
BUS	VAN	27	198.159485	51.748490
BUS	VAN	28	199.910800	51.830100
BUS	VAN	29	201.694499	51.775770
BUS	VAN	30	205.272100	51.666800
BUS	VAN	31	207.156897	51.496653
BUS	VAN	32	209.691945	51.267807
BUS	VAN	33	210.110557	51.230017
BUS	VAN	34	215.950800	50.702800
BUS	VAN	35	220.000000	50.000000
BUS	VAN	36	222.458389	50.000000
BUS	VAN	37	224.943217	50.000000
BUS	VAN	38	230.000000	50.000000
BUS	VAN	39	234.498400	48.568300
BUS	VAN	40	235.270800	48.486200
BUS	VAN	41	236.026800	48.265900
BUS	VAN	42	236.520200	48.230800
BUS	VAN	43	236.602936	48.381794
BUS	VAN	44	236.788330	48.385442
BUS	VAN	45	236.798200	48.511300
BUS	VAN	46	236.745100	48.714600
BUS	VAN	47	236.967300	48.735100
BUS	VAN	48	236.994000	48.732500
BUS	VAN	49	236.994600	48.797700
BUS	VAN	50	236.949000	48.855100
BUS	VAN	51	236.620500	49.069900
BUS	VAN	52	236.685333	49.315275
BUS	VAN	53	236.858025	49.315947
BUS	VAN	54	-123.180000	49.290000
SYP	AKP	0	151.230000	-33.850000
SYP	AKP	1	151.211615	-33.854094
SYP	AKP	2	151.251183	-33.856945
SYP	AKP	3	151.278305	-33.828787
SYP	AKP	4	151.312981	-33.835631
SYP	AKP	5	151.500000	-34.000100
SYP	AKP	6	156.666400	-34.426900
SYP	AKP	7	160.002371	-34.561894
SYP	AKP	8	161.873200	-34.637600
SYP	AKP	9	165.251846	-34.631840
SYP	AKP	10	165.740355	-34.631007
SYP	AKP	11	167.093500	-34.628700
SYP	AKP	12	172.300000	-34.400000
SYP	AKP	13	173.008080	-34.233624
SYP	AKP	14	173.600464	-34.834096
SYP	AKP	15	174.317322	-35.090698
SYP	AKP	16	174.635925	-35.328571
SYP	AKP	17	174.623566	-35.966336
SYP	AKP	18	175.020447	-36.242058
SYP	AKP	19	174.921570	-36.681636
SYP	AKP	20	174.800000	-36.840000
MIA	NAS	0	-80.140000	25.770000
MIA	NAS	1	-79.956700	25.760800
MIA	NAS	2	-79.954500	25.792100
MIA	NAS	3	-79.815000	25.790300
MIA	NAS	4	-78.921280	25.397091
MIA	NAS	5	-77.903071	25.334542
MIA	NAS	6	-77.393188	25.135339
MIA	NAS	7	-77.340000	25.080000
RTA	SGP	0	50.160000	26.640000
RTA	SGP	1	50.191040	26.556593
RTA	SGP	2	50.243413	26.805152
RTA	SGP	3	51.600000	26.300000
RTA	SGP	4	53.148966	26.254880
RTA	SGP	5	54.399148	26.194877
RTA	SGP	6	55.064332	26.151124
RTA	SGP	7	55.345025	26.132657
RTA	SGP	8	56.343384	26.441066
RTA	SGP	9	56.547226	26.511054
RTA	SGP	10	56.763061	26.422112
RTA	SGP	11	56.931531	25.961959
RTA	SGP	12	57.100000	25.500000
RTA	SGP	13	59.000000	24.000000
RTA	SGP	14	60.400000	22.700000
RTA	SGP	15	62.375976	21.440441
RTA	SGP	16	64.500500	20.083800
RTA	SGP	17	64.952594	19.426191
RTA	SGP	18	66.257926	17.527476
RTA	SGP	19	66.688152	16.901677
RTA	SGP	20	67.653809	15.718239
RTA	SGP	21	68.801755	14.678599
RTA	SGP	22	69.999398	13.765698
RTA	SGP	23	75.300000	9.700000
RTA	SGP	24	77.000000	8.000000
RTA	SGP	25	78.868856	6.674926
RTA	SGP	26	80.100000	5.800000
RTA	SGP	27	81.900000	5.900000
RTA	SGP	28	85.947900	6.198300
RTA	SGP	29	90.000000	6.466400
RTA	SGP	30	94.326449	6.157121
RTA	SGP	31	98.128129	5.811729
RTA	SGP	32	99.763807	4.084523
RTA	SGP	33	100.600000	3.200000
RTA	SGP	34	101.316415	2.586072
RTA	SGP	35	102.000000	2.000000
RTA	SGP	36	103.600000	1.100000
RTA	SGP	37	103.658066	1.197766
RTA	SGP	38	103.763466	1.259893
RTA	SGP	39	103.820000	1.260000
HOU	RTM	0	-95.020000	29.730000
HOU	RTM	1	-95.045471	29.708630
HOU	RTM	2	-95.001354	29.700952
HOU	RTM	3	-94.982300	29.683500
HOU	RTM	4	-94.952300	29.606500
HOU	RTM	5	-94.869900	29.499600
HOU	RTM	6	-94.802100	29.367500
HOU	RTM	7	-94.769600	29.342300
HOU	RTM	8	-94.687800	29.337900
HOU	RTM	9	-94.625100	29.306800
HOU	RTM	10	-94.377900	29.147900
HOU	RTM	11	-93.668500	29.132100
HOU	RTM	12	-93.214000	29.130000
HOU	RTM	13	-92.411602	28.867366
HOU	RTM	14	-92.151777	28.782322
HOU	RTM	15	-91.842882	28.645662
HOU	RTM	16	-91.549269	28.515764
HOU	RTM	17	-91.308884	28.409415
HOU	RTM	18	-90.380776	27.998808
HOU	RTM	19	-89.893027	27.783021
HOU	RTM	20	-89.766422	27.727009
HOU	RTM	21	-88.638654	27.228070
HOU	RTM	22	-88.194005	27.029745
HOU	RTM	23	-87.365118	26.617905
HOU	RTM	24	-86.860250	26.367057
HOU	RTM	25	-86.685611	26.280286
HOU	RTM	26	-85.868843	25.874468
HOU	RTM	27	-84.431568	25.160345
HOU	RTM	28	-82.700000	24.300000
HOU	RTM	29	-81.825000	24.218700
HOU	RTM	30	-80.814300	24.504000
HOU	RTM	31	-80.797078	24.513328
HOU	RTM	32	-80.353300	24.753700
HOU	RTM	33	-80.029414	25.114792
HOU	RTM	34	-80.028600	25.115700
HOU	RTM	35	-79.948200	25.332900
HOU	RTM	36	-79.815000	25.790300
HOU	RTM	37	-79.535600	26.094200
HOU	RTM	38	-79.332800	26.737200
HOU	RTM	39	-79.321100	27.449100
HOU	RTM	40	-78.173844	27.458225
HOU	RTM	41	-77.099645	27.723433
HOU	RTM	42	-77.010956	27.797678
HOU	RTM	43	-76.304169	28.389357
HOU	RTM	44	-75.640718	28.936853
HOU	RTM	45	-74.724316	29.647627
HOU	RTM	46	-74.599389	29.744522
HOU	RTM	47	-74.176384	30.072610
HOU	RTM	48	-73.978383	30.226183
HOU	RTM	49	-73.860704	30.317457
HOU	RTM	50	-73.069762	30.930923
HOU	RTM	51	-73.024825	30.965776
HOU	RTM	52	-72.693320	31.222897
HOU	RTM	53	-72.495855	31.370067
HOU	RTM	54	-72.495831	31.370084
HOU	RTM	55	-72.306161	31.505173
HOU	RTM	56	-71.736244	31.911086
HOU	RTM	57	-71.494758	32.083079
HOU	RTM	58	-71.121104	32.349208
HOU	RTM	59	-71.022856	32.419183
HOU	RTM	60	-70.214581	32.994862
HOU	RTM	61	-69.841727	33.260421
HOU	RTM	62	-69.424515	33.557573
HOU	RTM	63	-69.087845	33.787235
HOU	RTM	64	-68.415982	34.222444
HOU	RTM	65	-67.957084	34.519702
HOU	RTM	66	-67.613187	34.742467
HOU	RTM	67	-67.057094	35.102685
HOU	RTM	68	-66.514606	35.454090
HOU	RTM	69	-65.714300	35.972500
HOU	RTM	70	-61.979700	38.149700
HOU	RTM	71	-60.823113	38.749556
HOU	RTM	72	-60.000346	39.176278
HOU	RTM	73	-59.428691	39.472763
HOU	RTM	74	-58.343989	40.035336
HOU	RTM	75	-58.023800	40.201400
HOU	RTM	76	-53.831600	42.110200
HOU	RTM	77	-52.596340	42.596340
HOU	RTM	78	-52.539750	42.618612
HOU	RTM	79	-50.002169	43.617284
HOU	RTM	80	-49.392300	43.857300
HOU	RTM	81	-45.319011	45.216510
HOU	RTM	82	-45.015812	45.317684
HOU	RTM	83	-40.001969	46.719771
HOU	RTM	84	-37.184144	47.354689
HOU	RTM	85	-34.588300	47.927300
HOU	RTM	86	-31.783064	48.396456
HOU	RTM	87	-30.000784	48.694530
HOU	RTM	88	-28.801592	48.874132
HOU	RTM	89	-28.318152	48.930101
HOU	RTM	90	-23.662500	49.469100
HOU	RTM	91	-20.348228	49.686831
HOU	RTM	92	-20.000174	49.709697
HOU	RTM	93	-19.742404	49.726631
HOU	RTM	94	-19.579380	49.737341
HOU	RTM	95	-18.158595	49.830680
HOU	RTM	96	-15.355327	49.884617
HOU	RTM	97	-12.051344	49.927561
HOU	RTM	98	-10.690172	49.883360
HOU	RTM	99	-6.697411	49.753705
HOU	RTM	100	-6.583300	49.750000
HOU	RTM	101	-5.979701	49.782237
HOU	RTM	102	-5.740436	49.795016
HOU	RTM	103	-5.630965	49.800862
HOU	RTM	104	-5.491611	49.808305
HOU	RTM	105	-4.868405	49.841589
HOU	RTM	106	-4.088283	49.883253
HOU	RTM	107	-2.935860	49.944802
HOU	RTM	108	-2.624015	50.023556
HOU	RTM	109	-2.270882	50.112738
HOU	RTM	110	-2.100162	50.138244
HOU	RTM	111	-1.755087	50.189798
HOU	RTM	112	-1.577583	50.216317
HOU	RTM	113	-1.251907	50.264973
HOU	RTM	114	-0.764460	50.337798
HOU	RTM	115	-0.764313	50.337510
HOU	RTM	116	-0.672505	50.358079
HOU	RTM	117	-0.505582	50.395477
HOU	RTM	118	0.301537	50.576304
HOU	RTM	119	1.149895	50.766370
HOU	RTM	120	1.300000	50.800000
HOU	RTM	121	1.441366	50.849032
HOU	RTM	122	1.567687	50.892845
HOU	RTM	123	1.813195	50.988387
HOU	RTM	124	2.100000	51.100000
HOU	RTM	125	2.356699	51.178984
HOU	RTM	126	3.400000	51.500000
HOU	RTM	127	3.559619	51.659619
HOU	RTM	128	3.900000	52.000000
HOU	RTM	129	4.069748	51.987629
HOU	RTM	130	4.000000	51.950000
JEA	JNP	0	55.030000	25.000000
JEA	JNP	1	54.990692	25.321684
JEA	JNP	2	55.200000	25.600000
JEA	JNP	3	55.467372	25.778718
JEA	JNP	4	55.837469	26.025658
JEA	JNP	5	56.343384	26.441066
JEA	JNP	6	56.547226	26.511054
JEA	JNP	7	56.763061	26.422112
JEA	JNP	8	56.931531	25.961959
JEA	JNP	9	57.100000	25.500000
JEA	JNP	10	59.000000	24.000000
JEA	JNP	11	61.555390	23.456980
JEA	JNP	12	64.447045	22.842503
JEA	JNP	13	65.725774	22.570773
JEA	JNP	14	67.000000	22.300000
JEA	JNP	15	69.592463	20.809334
JEA	JNP	16	70.000000	20.000000
JEA	JNP	17	72.400000	19.000000
JEA	JNP	18	72.807770	18.941361
JEA	JNP	19	72.950000	18.950000
CHN	SGP	0	80.330000	13.100000
CHN	SGP	1	80.414429	12.977795
CHN	SGP	2	81.000000	13.000000
CHN	SGP	3	82.998315	12.032454
CHN	SGP	4	83.978619	11.556515
CHN	SGP	5	84.776876	11.169668
CHN	SGP	6	85.694628	10.724911
CHN	SGP	7	94.326449	6.157121
CHN	SGP	8	98.128129	5.811729
CHN	SGP	9	99.763807	4.084523
CHN	SGP	10	100.600000	3.200000
CHN	SGP	11	101.316415	2.586072
CHN	SGP	12	102.000000	2.000000
CHN	SGP	13	103.600000	1.100000
CHN	SGP	14	103.658066	1.197766
CHN	SGP	15	103.763466	1.259893
CHN	SGP	16	103.820000	1.260000
YTN	RTM	0	114.270000	22.580000
YTN	RTM	1	114.336090	22.558220
YTN	RTM	2	114.408875	22.517631
YTN	RTM	3	114.451447	22.426263
YTN	RTM	4	114.428101	22.338644
YTN	RTM	5	114.421234	22.253513
YTN	RTM	6	114.426727	22.070369
YTN	RTM	7	114.216614	21.932855
YTN	RTM	8	114.100000	21.700000
YTN	RTM	9	111.390381	17.219511
YTN	RTM	10	110.928955	15.644197
YTN	RTM	11	110.551147	13.789771
YTN	RTM	12	109.758911	12.146746
YTN	RTM	13	107.320700	7.609100
YTN	RTM	14	104.482294	1.341312
YTN	RTM	15	104.145848	1.249295
YTN	RTM	16	103.861103	1.171415
YTN	RTM	17	103.600000	1.100000
YTN	RTM	18	102.000000	2.000000
YTN	RTM	19	101.316415	2.586072
YTN	RTM	20	100.600000	3.200000
YTN	RTM	21	99.763807	4.084523
YTN	RTM	22	98.128129	5.811729
YTN	RTM	23	94.326449	6.157121
YTN	RTM	24	90.000000	6.466400
YTN	RTM	25	85.947900	6.198300
YTN	RTM	26	81.900000	5.900000
YTN	RTM	27	80.100000	5.800000
YTN	RTM	28	78.019032	6.387793
YTN	RTM	29	75.966807	6.966807
YTN	RTM	30	70.817426	8.365148
YTN	RTM	31	69.999915	8.582747
YTN	RTM	32	69.671733	8.670100
YTN	RTM	33	69.329100	8.761300
YTN	RTM	34	68.858995	8.881605
YTN	RTM	35	65.704400	9.688900
YTN	RTM	36	64.992809	9.862937
YTN	RTM	37	64.698862	9.934828
YTN	RTM	38	64.303249	10.031585
YTN	RTM	39	62.060100	10.580200
YTN	RTM	40	60.825733	10.866984
YTN	RTM	41	59.894005	11.083455
YTN	RTM	42	55.041504	12.747516
YTN	RTM	43	53.618850	13.300009
YTN	RTM	44	50.856149	12.884027
YTN	RTM	45	45.000000	12.000000
YTN	RTM	46	43.746586	12.404390
YTN	RTM	47	43.300000	12.700000
YTN	RTM	48	42.541058	13.676089
YTN	RTM	49	42.341309	14.509144
YTN	RTM	50	41.000977	17.098792
YTN	RTM	51	38.572998	20.807472
YTN	RTM	52	37.786499	22.210682
YTN	RTM	53	37.000000	23.600000
YTN	RTM	54	34.500000	27.000000
YTN	RTM	55	33.233643	28.444544
YTN	RTM	56	32.600000	29.700000
YTN	RTM	57	32.557983	30.213982
YTN	RTM	58	32.382202	30.318359
YTN	RTM	59	32.310104	31.102922
YTN	RTM	60	32.359877	31.336373
YTN	RTM	61	32.100000	31.700000
YTN	RTM	62	30.408377	32.316071
YTN	RTM	63	28.905525	32.863395
YTN	RTM	64	28.212434	33.115811
YTN	RTM	65	27.927542	33.219565
YTN	RTM	66	26.306431	33.748752
YTN	RTM	67	25.478721	34.011915
YTN	RTM	68	24.926664	34.187436
YTN	RTM	69	23.000000	34.800000
YTN	RTM	70	21.407365	35.126694
YTN	RTM	71	17.902084	35.845726
YTN	RTM	72	16.726588	36.086854
YTN	RTM	73	15.200000	36.400000
YTN	RTM	74	13.263819	36.907095
YTN	RTM	75	12.110644	37.209117
YTN	RTM	76	12.086301	37.215493
YTN	RTM	77	11.827836	37.283186
YTN	RTM	78	11.172235	37.454891
YTN	RTM	79	11.000000	37.500000
YTN	RTM	80	10.373031	37.482087
YTN	RTM	81	7.500000	37.400000
YTN	RTM	82	3.100000	37.200000
YTN	RTM	83	-0.366667	36.666667
YTN	RTM	84	-1.624390	36.473171
YTN	RTM	85	-2.244793	36.377724
YTN	RTM	86	-2.590675	36.324512
YTN	RTM	87	-3.264225	36.220888
YTN	RTM	88	-3.683043	36.156455
YTN	RTM	89	-4.700000	36.000000
YTN	RTM	90	-5.269383	35.972890
YTN	RTM	91	-5.354867	35.968819
YTN	RTM	92	-5.750000	35.950000
YTN	RTM	93	-7.269660	36.319060
YTN	RTM	94	-8.219465	36.549727
YTN	RTM	95	-9.250000	36.800000
YTN	RTM	96	-9.452092	37.781589
YTN	RTM	97	-9.600000	38.500000
YTN	RTM	98	-9.984400	40.779800
YTN	RTM	99	-9.500000	43.000000
YTN	RTM	100	-9.142640	43.688493
YTN	RTM	101	-9.019938	43.924891
YTN	RTM	102	-8.495760	44.934776
YTN	RTM	103	-7.954994	45.668797
YTN	RTM	104	-6.698867	47.340067
YTN	RTM	105	-5.500000	48.666700
YTN	RTM	106	-5.064010	48.799916
YTN	RTM	107	-4.270518	49.042365
YTN	RTM	108	-4.030414	49.115729
YTN	RTM	109	-3.986163	49.129249
YTN	RTM	110	-3.197043	49.370363
YTN	RTM	111	-2.391890	49.616376
YTN	RTM	112	-1.992006	49.738559
YTN	RTM	113	-1.933650	49.756390
YTN	RTM	114	-1.665743	49.838248
YTN	RTM	115	-1.479770	49.895072
YTN	RTM	116	-1.300000	49.950000
YTN	RTM	117	-0.671539	50.155459
YTN	RTM	118	-0.545959	50.196513
YTN	RTM	119	-0.343359	50.262748
YTN	RTM	120	0.392880	50.503441
YTN	RTM	121	1.193894	50.765311
YTN	RTM	122	1.300000	50.800000
YTN	RTM	123	1.441366	50.849032
YTN	RTM	124	1.567687	50.892845
YTN	RTM	125	1.813195	50.988387
YTN	RTM	126	2.100000	51.100000
YTN	RTM	127	2.356699	51.178984
YTN	RTM	128	3.400000	51.500000
YTN	RTM	129	3.559619	51.659619
YTN	RTM	130	3.900000	52.000000
YTN	RTM	131	4.069748	51.987629
YTN	RTM	132	4.000000	51.950000
NGB	LAP	0	121.850000	29.920000
NGB	LAP	1	121.883698	29.947795
NGB	LAP	2	121.973648	29.975755
NGB	LAP	3	121.876831	30.153440
NGB	LAP	4	121.926270	30.254322
NGB	LAP	5	121.613334	30.429558
NGB	LAP	6	122.135010	30.484184
NGB	LAP	7	122.299805	30.819705
NGB	LAP	8	122.669220	30.932268
NGB	LAP	9	122.900000	31.300000
NGB	LAP	10	125.343830	32.983736
NGB	LAP	11	126.035156	33.454360
NGB	LAP	12	126.643151	33.735423
NGB	LAP	13	127.444583	34.104419
NGB	LAP	14	128.169250	34.406910
NGB	LAP	15	128.916321	34.761923
NGB	LAP	16	129.200000	35.000000
NGB	LAP	17	129.597473	35.429344
NGB	LAP	18	129.972285	35.665533
NGB	LAP	19	139.744224	41.259182
NGB	LAP	20	140.352539	41.363637
NGB	LAP	21	141.277588	41.681992
NGB	LAP	22	143.401627	41.699651
NGB	LAP	23	146.000000	43.200000
NGB	LAP	24	153.687693	46.196119
NGB	LAP	25	157.933307	47.444876
NGB	LAP	26	160.194187	48.109865
NGB	LAP	27	160.925037	48.324829
NGB	LAP	28	161.437300	48.475500
NGB	LAP	29	169.785750	50.154218
NGB	LAP	30	170.203900	50.238300
NGB	LAP	31	172.354557	50.483925
NGB	LAP	32	174.140093	50.687849
NGB	LAP	33	180.000000	50.000000
NGB	LAP	34	180.514157	50.252896
NGB	LAP	35	183.003777	50.558732
NGB	LAP	36	188.444846	51.295103
NGB	LAP	37	191.794400	51.096600
NGB	LAP	38	191.919030	51.079944
NGB	LAP	39	194.377043	50.751454
NGB	LAP	40	197.205832	50.373414
NGB	LAP	41	200.000000	50.000000
NGB	LAP	42	205.464600	49.171400
NGB	LAP	43	206.544495	48.950813
NGB	LAP	44	208.409701	48.569813
NGB	LAP	45	209.998947	48.245182
NGB	LAP	46	210.723400	48.097200
NGB	LAP	47	212.515975	47.633164
NGB	LAP	48	215.745700	46.797100
NGB	LAP	49	216.258680	46.635358
NGB	LAP	50	219.997273	45.456581
NGB	LAP	51	220.514500	45.293500
NGB	LAP	52	223.671314	44.111743
NGB	LAP	53	225.023100	43.605700
NGB	LAP	54	225.299832	43.485814
NGB	LAP	55	227.588704	42.494230
NGB	LAP	56	227.709097	42.442073
NGB	LAP	57	229.279600	41.761700
NGB	LAP	58	229.999156	41.407661
NGB	LAP	59	230.118080	41.349148
NGB	LAP	60	230.978305	40.925896
NGB	LAP	61	233.297900	39.784600
NGB	LAP	62	236.001228	38.302430
NGB	LAP	63	237.100000	37.700000
NGB	LAP	64	239.115900	34.436100
NGB	LAP	65	239.499500	34.354500
NGB	LAP	66	240.126600	34.212200
NGB	LAP	67	240.490100	34.127300
NGB	LAP	68	240.732900	34.078600
NGB	LAP	69	241.078700	33.912500
NGB	LAP	70	241.513300	33.705600
NGB	LAP	71	241.535200	33.636400
NGB	LAP	72	241.705000	33.638400
NGB	LAP	73	241.821200	33.627900
NGB	LAP	74	241.878500	33.627600
NGB	LAP	75	241.805511	33.703898
NGB	LAP	76	-118.250000	33.720000
YOK	HNL	0	139.650000	35.450000
YOK	HNL	1	139.685669	35.366096
YOK	HNL	2	139.792786	35.238890
YOK	HNL	3	139.636230	35.016501
YOK	HNL	4	139.900000	34.800000
YOK	HNL	5	143.099554	33.369778
YOK	HNL	6	145.078000	32.485400
YOK	HNL	7	150.000000	30.000000
YOK	HNL	8	160.000000	30.000000
YOK	HNL	9	170.000000	30.000000
YOK	HNL	10	180.000000	30.000000
YOK	HNL	11	181.500000	28.500000
YOK	HNL	12	186.794329	26.971594
YOK	HNL	13	189.998854	25.909785
YOK	HNL	14	194.181034	24.431781
YOK	HNL	15	198.625968	22.710328
YOK	HNL	16	199.897667	22.108522
YOK	HNL	17	200.646800	21.752800
YOK	HNL	18	201.854553	21.263781
YOK	HNL	19	202.330000	21.166700
YOK	HNL	20	-157.860000	21.310000
SEA	ANC	0	-122.340000	47.600000
SEA	ANC	1	-122.452300	47.573100
SEA	ANC	2	-122.464500	47.658700
SEA	ANC	3	-122.438500	47.763500
SEA	ANC	4	-122.494000	47.922300
SEA	ANC	5	-122.580100	47.962300
SEA	ANC	6	-122.638000	48.029300
SEA	ANC	7	-122.662300	48.111900
SEA	ANC	8	-122.730200	48.148700
SEA	ANC	9	-122.829300	48.193300
SEA	ANC	10	-123.110500	48.207900
SEA	ANC	11	-123.242200	48.217300
SEA	ANC	12	-123.362732	48.162192
SEA	ANC	13	-123.427700	48.162900
SEA	ANC	14	-123.479800	48.230800
SEA	ANC	15	-123.973200	48.265900
SEA	ANC	16	-124.729200	48.486200
SEA	ANC	17	-125.501600	48.568300
SEA	ANC	18	-129.690071	51.098433
SEA	ANC	19	-132.517500	52.806400
SEA	ANC	20	-133.487183	53.719021
SEA	ANC	21	-133.980500	54.649900
SEA	ANC	22	-134.253100	55.403000
SEA	ANC	23	-134.366300	55.715600
SEA	ANC	24	-134.573300	55.695700
SEA	ANC	25	-134.938200	55.744900
SEA	ANC	26	-135.836600	56.741200
SEA	ANC	27	-136.716900	57.468900
SEA	ANC	28	-137.512700	57.877800
SEA	ANC	29	-140.378600	59.305500
SEA	ANC	30	-143.110900	59.664000
SEA	ANC	31	-144.624200	59.762200
SEA	ANC	32	-146.769400	60.143900
SEA	ANC	33	-147.739763	59.713884
SEA	ANC	34	-148.912599	59.353464
SEA	ANC	35	-149.791800	58.847800
SEA	ANC	36	-150.758200	58.679100
SEA	ANC	37	-152.862700	58.896100
SEA	ANC	38	-152.335100	59.528600
SEA	ANC	39	-152.246900	59.638300
SEA	ANC	40	-152.204400	59.681400
SEA	ANC	41	-152.002900	60.150800
SEA	ANC	42	-151.968600	60.195800
SEA	ANC	43	-151.732700	60.526900
SEA	ANC	44	-151.529800	60.783800
SEA	ANC	45	-151.068300	60.960000
SEA	ANC	46	-150.933400	61.025200
SEA	ANC	47	-150.524500	61.140700
SEA	ANC	48	-150.393800	61.166700
SEA	ANC	49	-150.241100	61.073700
SEA	ANC	50	-150.049300	61.077000
SEA	ANC	51	-149.900000	61.200000
DOV	CAL	0	1.310000	51.130000
DOV	CAL	1	1.317535	51.102112
DOV	CAL	2	1.418100	51.147700
DOV	CAL	3	1.533005	51.131371
DOV	CAL	4	1.560854	51.117159
DOV	CAL	5	1.648479	51.072443
DOV	CAL	6	1.813195	50.988387
DOV	CAL	7	1.844154	50.972588
DOV	CAL	8	1.850000	50.970000
PIR	ALX	0	23.640000	37.940000
PIR	ALX	1	23.619500	37.917095
PIR	ALX	2	23.642500	37.819200
PIR	ALX	3	23.885914	37.616154
PIR	ALX	4	23.965700	37.549600
PIR	ALX	5	24.159791	37.356151
PIR	ALX	6	24.236675	37.279520
PIR	ALX	7	24.466654	37.050301
PIR	ALX	8	24.643708	36.873832
PIR	ALX	9	25.228623	36.706678
PIR	ALX	10	25.328394	36.521984
PIR	ALX	11	25.371818	36.441599
PIR	ALX	12	25.342578	36.331809
PIR	ALX	13	25.315313	36.131939
PIR	ALX	14	25.826731	35.719356
PIR	ALX	15	26.394100	35.371900
PIR	ALX	16	26.861926	34.791448
PIR	ALX	17	26.932634	34.703717
PIR	ALX	18	27.297549	34.250950
PIR	ALX	19	27.568268	33.915057
PIR	ALX	20	28.073668	33.287984
PIR	ALX	21	28.212434	33.115811
PIR	ALX	22	28.595708	32.640266
PIR	ALX	23	29.265354	31.809405
PIR	ALX	24	29.754500	31.202500
PIR	ALX	25	29.880000	31.200000
BCN	CIV	0	2.170000	41.350000
BCN	CIV	1	2.209423	41.312166
BCN	CIV	2	2.500000	41.300000
BCN	CIV	3	3.237316	41.299528
BCN	CIV	4	4.070137	41.298996
BCN	CIV	5	4.853005	41.298495
BCN	CIV	6	5.037053	41.298377
BCN	CIV	7	5.616278	41.298007
BCN	CIV	8	6.330077	41.297550
BCN	CIV	9	6.401382	41.297505
BCN	CIV	10	7.576446	41.296753
BCN	CIV	11	8.424769	41.296211
BCN	CIV	12	8.967599	41.295864
BCN	CIV	13	9.262161	41.309277
BCN	CIV	14	9.409103	41.384537
BCN	CIV	15	9.731572	41.474006
BCN	CIV	16	10.028916	41.569921
BCN	CIV	17	10.121955	41.599932
BCN	CIV	18	10.341183	41.670648
BCN	CIV	19	10.601293	41.754552
BCN	CIV	20	10.720639	41.793050
BCN	CIV	21	11.093903	41.913453
BCN	CIV	22	11.358920	41.998940
BCN	CIV	23	11.715000	42.113800
BCN	CIV	24	11.790000	42.100000
DUR	SGP	0	31.050000	-29.880000
DUR	SGP	1	31.173706	-29.816817
DUR	SGP	2	32.000000	-30.000000
DUR	SGP	3	35.999700	-30.059800
DUR	SGP	4	40.000000	-30.000000
DUR	SGP	5	44.117600	-28.259500
DUR	SGP	6	48.100000	-26.400000
DUR	SGP	7	56.119753	-21.767695
DUR	SGP	8	58.000000	-20.700000
DUR	SGP	9	65.531132	-15.683496
DUR	SGP	10	70.000000	-12.726084
DUR	SGP	11	71.547878	-11.611559
DUR	SGP	12	73.630427	-10.016558
DUR	SGP	13	74.860960	-9.062149
DUR	SGP	14	75.615874	-8.453370
DUR	SGP	15	80.000000	-4.954142
DUR	SGP	16	82.695228	-2.733196
DUR	SGP	17	86.112347	-0.000010
DUR	SGP	18	88.040723	1.429500
DUR	SGP	19	94.326449	6.157121
DUR	SGP	20	98.128129	5.811729
DUR	SGP	21	99.763807	4.084523
DUR	SGP	22	100.600000	3.200000
DUR	SGP	23	101.316415	2.586072
DUR	SGP	24	102.000000	2.000000
DUR	SGP	25	103.600000	1.100000
DUR	SGP	26	103.658066	1.197766
DUR	SGP	27	103.763466	1.259893
DUR	SGP	28	103.820000	1.260000
SAN	RTM	0	-46.300000	-24.000000
SAN	RTM	1	-46.347885	-23.981547
SAN	RTM	2	-46.300000	-24.300000
SAN	RTM	3	-44.631958	-23.920992
SAN	RTM	4	-43.088379	-23.195912
SAN	RTM	5	-41.300000	-23.500000
SAN	RTM	6	-39.500000	-20.000000
SAN	RTM	7	-37.820200	-16.507100
SAN	RTM	8	-36.200000	-13.000000
SAN	RTM	9	-35.073853	-9.849804
SAN	RTM	10	-34.205933	-8.091862
SAN	RTM	11	-33.975220	-6.959144
SAN	RTM	12	-33.800000	-5.250000
SAN	RTM	13	-32.983953	-3.172081
SAN	RTM	14	-31.904600	-0.423700
SAN	RTM	15	-31.738431	-0.000013
SAN	RTM	16	-31.243642	1.261567
SAN	RTM	17	-30.011500	4.403200
SAN	RTM	18	-30.000266	4.431443
SAN	RTM	19	-29.829347	4.861138
SAN	RTM	20	-28.406522	8.438157
SAN	RTM	21	-28.093700	9.224600
SAN	RTM	22	-27.693656	10.200929
SAN	RTM	23	-26.849972	12.259986
SAN	RTM	24	-26.123000	14.034200
SAN	RTM	25	-25.069774	16.489404
SAN	RTM	26	-24.067900	18.824900
SAN	RTM	27	-23.232747	20.654158
SAN	RTM	28	-21.892700	23.589300
SAN	RTM	29	-21.885281	23.604304
SAN	RTM	30	-21.750274	23.877344
SAN	RTM	31	-19.593968	28.238280
SAN	RTM	32	-19.554500	28.318100
SAN	RTM	33	-18.907725	29.503512
SAN	RTM	34	-17.183808	33.116222
SAN	RTM	35	-16.342602	34.100529
SAN	RTM	36	-15.637598	35.280754
SAN	RTM	37	-15.507833	35.497990
SAN	RTM	38	-15.087759	36.201224
SAN	RTM	39	-14.599800	37.018100
SAN	RTM	40	-14.458326	37.228343
SAN	RTM	41	-14.370384	37.359032
SAN	RTM	42	-13.970499	37.953293
SAN	RTM	43	-13.755544	38.272734
SAN	RTM	44	-13.196170	39.104011
SAN	RTM	45	-13.098950	39.248488
SAN	RTM	46	-11.934000	40.979700
SAN	RTM	47	-11.845154	41.094802
SAN	RTM	48	-11.515445	41.521946
SAN	RTM	49	-10.591061	42.719505
SAN	RTM	50	-10.176425	43.256675
SAN	RTM	51	-10.063992	43.402334
SAN	RTM	52	-7.987368	45.914250
SAN	RTM	53	-6.698867	47.340067
SAN	RTM	54	-5.500000	48.666700
SAN	RTM	55	-5.064010	48.799916
SAN	RTM	56	-4.270518	49.042365
SAN	RTM	57	-4.030414	49.115729
SAN	RTM	58	-3.986163	49.129249
SAN	RTM	59	-3.197043	49.370363
SAN	RTM	60	-2.391890	49.616376
SAN	RTM	61	-1.992006	49.738559
SAN	RTM	62	-1.933650	49.756390
SAN	RTM	63	-1.665743	49.838248
SAN	RTM	64	-1.479770	49.895072
SAN	RTM	65	-1.300000	49.950000
SAN	RTM	66	-0.671539	50.155459
SAN	RTM	67	-0.545959	50.196513
SAN	RTM	68	-0.343359	50.262748
SAN	RTM	69	0.392880	50.503441
SAN	RTM	70	1.193894	50.765311
SAN	RTM	71	1.300000	50.800000
SAN	RTM	72	1.441366	50.849032
SAN	RTM	73	1.567687	50.892845
SAN	RTM	74	1.813195	50.988387
SAN	RTM	75	2.100000	51.100000
SAN	RTM	76	2.356699	51.178984
SAN	RTM	77	3.400000	51.500000
SAN	RTM	78	3.559619	51.659619
SAN	RTM	79	3.900000	52.000000
SAN	RTM	80	4.069748	51.987629
SAN	RTM	81	4.000000	51.950000
VAN	YOK	0	-123.180000	49.290000
VAN	YOK	1	-123.141975	49.315947
VAN	YOK	2	-123.314667	49.315275
VAN	YOK	3	-123.379500	49.069900
VAN	YOK	4	-123.051000	48.855100
VAN	YOK	5	-123.005400	48.797700
VAN	YOK	6	-123.006000	48.732500
VAN	YOK	7	-123.032700	48.735100
VAN	YOK	8	-123.254900	48.714600
VAN	YOK	9	-123.201800	48.511300
VAN	YOK	10	-123.211670	48.385442
VAN	YOK	11	-123.397064	48.381794
VAN	YOK	12	-123.479800	48.230800
VAN	YOK	13	-123.973200	48.265900
VAN	YOK	14	-124.729200	48.486200
VAN	YOK	15	-125.501600	48.568300
VAN	YOK	16	-130.000000	50.000000
VAN	YOK	17	-135.056783	50.000000
VAN	YOK	18	-137.541611	50.000000
VAN	YOK	19	-140.000000	50.000000
VAN	YOK	20	-144.049200	50.702800
VAN	YOK	21	-149.889443	51.230017
VAN	YOK	22	-150.308055	51.267807
VAN	YOK	23	-152.843103	51.496653
VAN	YOK	24	-154.727900	51.666800
VAN	YOK	25	-158.305501	51.775770
VAN	YOK	26	-160.089200	51.830100
VAN	YOK	27	-161.840515	51.748490
VAN	YOK	28	-163.254870	51.682581
VAN	YOK	29	-165.174884	51.593110
VAN	YOK	30	-167.471630	51.486083
VAN	YOK	31	-168.080970	51.079944
VAN	YOK	32	-168.205600	51.096600
VAN	YOK	33	-171.555154	51.295103
VAN	YOK	34	-176.996223	50.558732
VAN	YOK	35	-179.485843	50.252896
VAN	YOK	36	-180.000000	50.000000
VAN	YOK	37	-195.816761	44.859607
VAN	YOK	38	-210.000000	40.000000
VAN	YOK	39	-214.470800	38.030100
VAN	YOK	40	-218.977918	35.682829
VAN	YOK	41	-219.523315	35.086203
VAN	YOK	42	-220.100000	34.800000
VAN	YOK	43	-220.363770	35.016501
VAN	YOK	44	-220.207214	35.238890
VAN	YOK	45	-220.314331	35.366096
VAN	YOK	46	139.650000	35.450000
BUE	CPT	0	-58.360000	-34.580000
BUE	CPT	1	-58.470612	-34.325292
BUE	CPT	2	-56.500000	-35.100000
BUE	CPT	3	-54.600000	-35.250000
BUE	CPT	4	-49.736120	-35.297112
BUE	CPT	5	-49.181268	-35.302486
BUE	CPT	6	-47.358288	-35.320144
BUE	CPT	7	-45.029600	-35.342700
BUE	CPT	8	-39.998047	-35.362159
BUE	CPT	9	-35.036876	-35.359406
BUE	CPT	10	-29.998008	-35.258691
BUE	CPT	11	-25.240672	-35.163604
BUE	CPT	12	-24.748621	-35.153769
BUE	CPT	13	-19.997924	-35.058814
BUE	CPT	14	-18.036000	-35.019600
BUE	CPT	15	-15.384491	-35.018158
BUE	CPT	16	-14.615365	-35.017740
BUE	CPT	17	-9.997906	-35.015228
BUE	CPT	18	-5.389491	-35.012722
BUE	CPT	19	-4.610359	-35.012298
BUE	CPT	20	0.002097	-35.009789
BUE	CPT	21	4.605509	-35.007285
BUE	CPT	22	5.394646	-35.006856
BUE	CPT	23	10.002099	-35.004350
BUE	CPT	24	18.000000	-35.000000
BUE	CPT	25	18.237305	-33.840764
BUE	CPT	26	18.428192	-33.862433
BUE	CPT	27	18.350000	-33.900000
LAG	RTM	0	3.390000	6.450000
LAG	RTM	1	3.405762	6.380812
LAG	RTM	2	2.515869	6.075011
LAG	RTM	3	1.421637	5.836746
LAG	RTM	4	0.016479	5.304297
LAG	RTM	5	-1.323853	4.729727
LAG	RTM	6	-2.092896	4.439521
LAG	RTM	7	-4.031982	4.866574
LAG	RTM	8	-6.470947	4.538094
LAG	RTM	9	-7.500000	3.500000
LAG	RTM	10	-11.500000	5.500000
LAG	RTM	11	-14.500000	8.500000
LAG	RTM	12	-17.000000	11.000000
LAG	RTM	13	-18.000000	15.000000
LAG	RTM	14	-18.000000	21.000000
LAG	RTM	15	-15.128174	27.999252
LAG	RTM	16	-15.145809	28.538331
LAG	RTM	17	-15.172119	29.337503
LAG	RTM	18	-13.905100	32.409300
LAG	RTM	19	-13.328750	34.065242
LAG	RTM	20	-13.114888	34.679700
LAG	RTM	21	-12.839781	35.470126
LAG	RTM	22	-12.761203	35.695892
LAG	RTM	23	-12.608538	36.134522
LAG	RTM	24	-12.493983	36.463656
LAG	RTM	25	-12.326120	36.945951
LAG	RTM	26	-12.262448	37.128892
LAG	RTM	27	-12.131862	37.504085
LAG	RTM	28	-12.057515	37.717697
LAG	RTM	29	-11.810090	38.428587
LAG	RTM	30	-11.664545	38.846760
LAG	RTM	31	-11.158374	40.301066
LAG	RTM	32	-11.070622	40.553191
LAG	RTM	33	-10.289669	42.796988
LAG	RTM	34	-10.167909	43.146826
LAG	RTM	35	-10.063992	43.402334
LAG	RTM	36	-7.987368	45.914250
LAG	RTM	37	-6.698867	47.340067
LAG	RTM	38	-5.500000	48.666700
LAG	RTM	39	-5.064010	48.799916
LAG	RTM	40	-4.270518	49.042365
LAG	RTM	41	-4.030414	49.115729
LAG	RTM	42	-3.986163	49.129249
LAG	RTM	43	-3.197043	49.370363
LAG	RTM	44	-2.391890	49.616376
LAG	RTM	45	-1.992006	49.738559
LAG	RTM	46	-1.933650	49.756390
LAG	RTM	47	-1.665743	49.838248
LAG	RTM	48	-1.479770	49.895072
LAG	RTM	49	-1.300000	49.950000
LAG	RTM	50	-0.671539	50.155459
LAG	RTM	51	-0.545959	50.196513
LAG	RTM	52	-0.343359	50.262748
LAG	RTM	53	0.392880	50.503441
LAG	RTM	54	1.193894	50.765311
LAG	RTM	55	1.300000	50.800000
LAG	RTM	56	1.441366	50.849032
LAG	RTM	57	1.567687	50.892845
LAG	RTM	58	1.813195	50.988387
LAG	RTM	59	2.100000	51.100000
LAG	RTM	60	2.356699	51.178984
LAG	RTM	61	3.400000	51.500000
LAG	RTM	62	3.559619	51.659619
LAG	RTM	63	3.900000	52.000000
LAG	RTM	64	4.069748	51.987629
LAG	RTM	65	4.000000	51.950000
MMB	JNP	0	39.670000	-4.050000
MMB	JNP	1	39.830933	-4.061536
MMB	JNP	2	40.300000	-4.200000
MMB	JNP	3	47.058219	-1.280003
MMB	JNP	4	50.000000	-0.000010
MMB	JNP	5	53.078620	3.119506
MMB	JNP	6	56.170128	6.223900
MMB	JNP	7	57.133366	7.184484
MMB	JNP	8	60.000000	10.000000
MMB	JNP	9	60.825733	10.866984
MMB	JNP	10	62.418100	12.538900
MMB	JNP	11	64.596500	15.032600
MMB	JNP	12	66.688152	16.901677
MMB	JNP	13	67.407300	17.544300
MMB	JNP	14	67.795105	17.911613
MMB	JNP	15	69.999749	18.432690
MMB	JNP	16	72.400000	19.000000
MMB	JNP	17	72.807770	18.941361
MMB	JNP	18	72.950000	18.950000
TNG	RTM	0	-5.800000	35.780000
TNG	RTM	1	-5.750000	35.950000
TNG	RTM	2	-7.269660	36.319060
TNG	RTM	3	-8.219465	36.549727
TNG	RTM	4	-9.250000	36.800000
TNG	RTM	5	-9.452092	37.781589
TNG	RTM	6	-9.600000	38.500000
TNG	RTM	7	-9.984400	40.779800
TNG	RTM	8	-9.500000	43.000000
TNG	RTM	9	-9.142640	43.688493
TNG	RTM	10	-9.019938	43.924891
TNG	RTM	11	-8.495760	44.934776
TNG	RTM	12	-7.954994	45.668797
TNG	RTM	13	-6.698867	47.340067
TNG	RTM	14	-5.500000	48.666700
TNG	RTM	15	-5.064010	48.799916
TNG	RTM	16	-4.270518	49.042365
TNG	RTM	17	-4.030414	49.115729
TNG	RTM	18	-3.986163	49.129249
TNG	RTM	19	-3.197043	49.370363
TNG	RTM	20	-2.391890	49.616376
TNG	RTM	21	-1.992006	49.738559
TNG	RTM	22	-1.933650	49.756390
TNG	RTM	23	-1.665743	49.838248
TNG	RTM	24	-1.479770	49.895072
TNG	RTM	25	-1.300000	49.950000
TNG	RTM	26	-0.671539	50.155459
TNG	RTM	27	-0.545959	50.196513
TNG	RTM	28	-0.343359	50.262748
TNG	RTM	29	0.392880	50.503441
TNG	RTM	30	1.193894	50.765311
TNG	RTM	31	1.300000	50.800000
TNG	RTM	32	1.441366	50.849032
TNG	RTM	33	1.567687	50.892845
TNG	RTM	34	1.813195	50.988387
TNG	RTM	35	2.100000	51.100000
TNG	RTM	36	2.356699	51.178984
TNG	RTM	37	3.400000	51.500000
TNG	RTM	38	3.559619	51.659619
TNG	RTM	39	3.900000	52.000000
TNG	RTM	40	4.069748	51.987629
TNG	RTM	41	4.000000	51.950000
REK	TOS	0	-21.940000	64.150000
REK	TOS	1	-21.980992	64.234172
REK	TOS	2	-22.743897	64.646552
REK	TOS	3	-24.317138	64.712177
REK	TOS	4	-24.900000	65.600000
REK	TOS	5	-24.000000	66.500000
REK	TOS	6	-22.788155	68.857984
REK	TOS	7	-17.456723	69.574068
REK	TOS	8	-8.687500	70.758100
REK	TOS	9	17.000000	70.000000
REK	TOS	10	20.921784	70.740799
REK	TOS	11	19.753731	69.814981
REK	TOS	12	18.960000	69.650000
HBA	MCM	0	147.330000	-42.880000
HBA	MCM	1	147.357559	-42.995106
HBA	MCM	2	147.700000	-43.600000
HBA	MCM	3	149.000000	-43.000000
HBA	MCM	4	149.382808	-41.159940
HBA	MCM	5	152.868287	-42.084508
HBA	MCM	6	156.902831	-43.468789
HBA	MCM	7	160.002621	-44.370980
HBA	MCM	8	165.600000	-46.000100
HBA	MCM	9	170.000000	-50.000000
HBA	MCM	10	180.000000	-60.000000
HBA	MCM	11	180.000000	-70.000000
HBA	MCM	12	166.670000	-77.850000
BUS	VLA	0	129.050000	35.070000
BUS	VLA	1	129.200000	35.000000
BUS	VLA	2	129.597473	35.429344
BUS	VLA	3	129.740295	36.184442
BUS	VLA	4	130.506264	38.317111
BUS	VLA	5	130.735565	38.960326
BUS	VLA	6	132.000000	42.300000
BUS	VLA	7	132.025452	43.016697
BUS	VLA	8	131.900000	43.100000
QNG	YOK	0	120.300000	36.070000
QNG	YOK	1	120.264587	36.031332
QNG	YOK	2	121.000000	35.900000
QNG	YOK	3	122.783926	35.318838
QNG	YOK	4	123.252492	35.165492
QNG	YOK	5	125.573730	34.152727
QNG	YOK	6	127.444583	34.104419
QNG	YOK	7	129.100616	34.046674
QNG	YOK	8	129.734877	34.024548
QNG	YOK	9	130.690613	33.991196
QNG	YOK	10	130.836868	33.958169
QNG	YOK	11	130.914803	33.901766
QNG	YOK	12	130.957031	33.957329
QNG	YOK	13	131.033936	33.987780
QNG	YOK	14	131.212463	33.795126
QNG	YOK	15	131.900000	33.750000
QNG	YOK	16	132.149048	33.680925
QNG	YOK	17	132.583694	33.900627
QNG	YOK	18	132.729263	33.955321
QNG	YOK	19	132.780959	34.069596
QNG	YOK	20	132.944870	34.169772
QNG	YOK	21	133.047867	34.072000
QNG	YOK	22	133.634949	34.332096
QNG	YOK	23	134.005737	34.418239
QNG	YOK	24	134.393005	34.388779
QNG	YOK	25	134.859924	34.098159
QNG	YOK	26	134.986267	33.874976
QNG	YOK	27	135.282898	33.479563
QNG	YOK	28	135.889893	33.328233
QNG	YOK	29	138.955078	34.395579
QNG	YOK	30	139.301147	34.604954
QNG	YOK	31	139.550559	34.683002
QNG	YOK	32	139.636230	35.016501
QNG	YOK	33	139.792786	35.238890
QNG	YOK	34	139.685669	35.366096
QNG	YOK	35	139.650000	35.450000
KAR	JEA	0	66.990000	24.820000
KAR	JEA	1	66.975702	24.817412
KAR	JEA	2	66.600000	24.300000
KAR	JEA	3	63.300000	24.600000
KAR	JEA	4	57.100000	25.500000
KAR	JEA	5	56.931531	25.961959
KAR	JEA	6	56.763061	26.422112
KAR	JEA	7	56.547226	26.511054
KAR	JEA	8	56.343384	26.441066
KAR	JEA	9	55.837469	26.025658
KAR	JEA	10	55.467372	25.778718
KAR	JEA	11	55.200000	25.600000
KAR	JEA	12	54.990692	25.321684
KAR	JEA	13	55.030000	25.000000
KAR	CMB	0	66.990000	24.820000
KAR	CMB	1	66.975702	24.817412
KAR	CMB	2	66.600000	24.300000
KAR	CMB	3	68.719482	22.543001
KAR	CMB	4	69.592463	20.809334
KAR	CMB	5	70.000000	20.000000
KAR	CMB	6	72.400000	19.000000
KAR	CMB	7	73.000000	15.300000
KAR	CMB	8	74.133516	12.773359
KAR	CMB	9	75.300000	9.700000
KAR	CMB	10	77.000000	8.000000
KAR	CMB	11	79.789581	6.994585
KAR	CMB	12	79.800000	6.930000
CHT	SGP	0	91.800000	22.280000
CHT	SGP	1	91.760559	22.238260
CHT	SGP	2	91.629500	21.799400
CHT	SGP	3	92.000000	20.000000
CHT	SGP	4	93.638649	14.549165
CHT	SGP	5	98.128129	5.811729
CHT	SGP	6	99.763807	4.084523
CHT	SGP	7	100.600000	3.200000
CHT	SGP	8	101.316415	2.586072
CHT	SGP	9	102.000000	2.000000
CHT	SGP	10	103.600000	1.100000
CHT	SGP	11	103.658066	1.197766
CHT	SGP	12	103.763466	1.259893
CHT	SGP	13	103.820000	1.260000
MNG	CMB	0	89.600000	22.490000
MNG	CMB	1	90.000000	21.674000
MNG	CMB	2	88.000000	21.000000
MNG	CMB	3	86.491000	17.578200
MNG	CMB	4	85.735114	15.791697
MNG	CMB	5	85.155655	14.422172
MNG	CMB	6	85.038000	14.144100
MNG	CMB	7	83.978619	11.556515
MNG	CMB	8	83.628200	10.700600
MNG	CMB	9	82.250000	7.250000
MNG	CMB	10	81.900000	5.900000
MNG	CMB	11	80.100000	5.800000
MNG	CMB	12	79.826660	6.424484
MNG	CMB	13	79.789581	6.994585
MNG	CMB	14	79.800000	6.930000
KOC	CMB	0	76.270000	9.970000
KOC	CMB	1	76.195679	9.876864
KOC	CMB	2	75.300000	9.700000
KOC	CMB	3	77.000000	8.000000
KOC	CMB	4	79.789581	6.994585
KOC	CMB	5	79.800000	6.930000
MUM	JEA	0	72.850000	18.950000
MUM	JEA	1	72.807770	18.941361
MUM	JEA	2	72.400000	19.000000
MUM	JEA	3	70.000000	20.000000
MUM	JEA	4	69.592463	20.809334
MUM	JEA	5	67.000000	22.300000
MUM	JEA	6	65.725774	22.570773
MUM	JEA	7	64.447045	22.842503
MUM	JEA	8	61.555390	23.456980
MUM	JEA	9	59.000000	24.000000
MUM	JEA	10	57.100000	25.500000
MUM	JEA	11	56.931531	25.961959
MUM	JEA	12	56.763061	26.422112
MUM	JEA	13	56.547226	26.511054
MUM	JEA	14	56.343384	26.441066
MUM	JEA	15	55.837469	26.025658
MUM	JEA	16	55.467372	25.778718
MUM	JEA	17	55.200000	25.600000
MUM	JEA	18	54.990692	25.321684
MUM	JEA	19	55.030000	25.000000
VIS	SGP	0	83.300000	17.700000
VIS	SGP	1	83.389800	17.622100
VIS	SGP	2	83.656463	17.413983
VIS	SGP	3	85.735114	15.791697
VIS	SGP	4	87.079924	14.742137
VIS	SGP	5	88.973316	13.264437
VIS	SGP	6	92.334595	10.136524
VIS	SGP	7	98.128129	5.811729
VIS	SGP	8	99.763807	4.084523
VIS	SGP	9	100.600000	3.200000
VIS	SGP	10	101.316415	2.586072
VIS	SGP	11	102.000000	2.000000
VIS	SGP	12	103.600000	1.100000
VIS	SGP	13	103.658066	1.197766
VIS	SGP	14	103.763466	1.259893
VIS	SGP	15	103.820000	1.260000
KOL	SGP	0	88.320000	22.550000
KOL	SGP	1	88.173523	22.165786
KOL	SGP	2	88.206482	22.065278
KOL	SGP	3	87.938690	21.684229
KOL	SGP	4	88.000000	21.000000
KOL	SGP	5	89.727407	18.848890
KOL	SGP	6	93.638649	14.549165
KOL	SGP	7	98.128129	5.811729
KOL	SGP	8	99.763807	4.084523
KOL	SGP	9	100.600000	3.200000
KOL	SGP	10	101.316415	2.586072
KOL	SGP	11	102.000000	2.000000
KOL	SGP	12	103.600000	1.100000
KOL	SGP	13	103.658066	1.197766
KOL	SGP	14	103.763466	1.259893
KOL	SGP	15	103.820000	1.260000
MLE	CMB	0	73.510000	4.180000
MLE	CMB	1	73.560879	4.143884
MLE	CMB	2	73.845613	4.845613
MLE	CMB	3	78.019032	6.387793
MLE	CMB	4	78.868856	6.674926
MLE	CMB	5	79.789581	6.994585
MLE	CMB	6	79.800000	6.930000
SYP	MEL	0	151.230000	-33.850000
SYP	MEL	1	151.211615	-33.854094
SYP	MEL	2	151.251183	-33.856945
SYP	MEL	3	151.278305	-33.828787
SYP	MEL	4	151.312981	-33.835631
SYP	MEL	5	151.500000	-34.000100
SYP	MEL	6	150.100000	-37.700000
SYP	MEL	7	147.854004	-38.160476
SYP	MEL	8	146.436768	-39.274790
SYP	MEL	9	144.577332	-38.397644
SYP	MEL	10	144.643936	-38.283469
SYP	MEL	11	144.738693	-38.264602
SYP	MEL	12	144.930954	-37.860218
SYP	MEL	13	144.950000	-37.840000
MEL	FRE	0	144.950000	-37.840000
MEL	FRE	1	144.930954	-37.860218
MEL	FRE	2	144.738693	-38.264602
MEL	FRE	3	144.643936	-38.283469
MEL	FRE	4	144.577332	-38.397644
MEL	FRE	5	143.536491	-38.961841
MEL	FRE	6	142.300000	-38.900000
MEL	FRE	7	141.000000	-38.700000
MEL	FRE	8	135.083500	-38.320300
MEL	FRE	9	129.252700	-37.651000
MEL	FRE	10	123.547700	-36.705100
MEL	FRE	11	118.000000	-35.500000
MEL	FRE	12	114.797777	-34.672181
MEL	FRE	13	114.678526	-33.460369
MEL	FRE	14	115.411377	-31.969639
MEL	FRE	15	115.626984	-31.963814
MEL	FRE	16	115.715990	-32.056463
MEL	FRE	17	115.737534	-32.053699
MEL	FRE	18	115.740000	-32.050000
BNE	SYP	0	153.170000	-27.380000
BNE	SYP	1	153.177567	-27.350118
BNE	SYP	2	153.294983	-27.225326
BNE	SYP	3	153.303223	-27.032217
BNE	SYP	4	153.465271	-26.990619
BNE	SYP	5	153.800000	-27.150000
BNE	SYP	6	153.735061	-27.995492
BNE	SYP	7	153.830566	-28.671311
BNE	SYP	8	153.391113	-30.349176
BNE	SYP	9	152.748413	-32.481963
BNE	SYP	10	152.250000	-33.000000
BNE	SYP	11	151.500000	-34.000100
BNE	SYP	12	151.312981	-33.835631
BNE	SYP	13	151.278305	-33.828787
BNE	SYP	14	151.251183	-33.856945
BNE	SYP	15	151.211615	-33.854094
BNE	SYP	16	151.230000	-33.850000
DAR	SGP	0	130.820000	-12.470000
DAR	SGP	1	130.800000	-12.200000
DAR	SGP	2	128.711015	-11.720153
DAR	SGP	3	125.048835	-10.874064
DAR	SGP	4	123.397064	-10.390572
DAR	SGP	5	122.779342	-10.176353
DAR	SGP	6	119.644225	-9.086977
DAR	SGP	7	119.295044	-8.771082
DAR	SGP	8	119.410400	-7.977638
DAR	SGP	9	116.764022	-7.902296
DAR	SGP	10	116.121303	-7.493125
DAR	SGP	11	112.966712	-6.234898
DAR	SGP	12	111.762484	-5.636840
DAR	SGP	13	110.154419	-3.724486
DAR	SGP	14	109.335938	-2.317483
DAR	SGP	15	108.275875	-2.103077
DAR	SGP	16	107.656412	-1.540824
DAR	SGP	17	105.006605	1.126757
DAR	SGP	18	104.482294	1.341312
DAR	SGP	19	104.145848	1.249295
DAR	SGP	20	103.861103	1.171415
DAR	SGP	21	103.763466	1.259893
DAR	SGP	22	103.820000	1.260000
FRE	SGP	0	115.740000	-32.050000
FRE	SGP	1	115.737534	-32.053699
FRE	SGP	2	115.715990	-32.056463
FRE	SGP	3	115.626984	-31.963814
FRE	SGP	4	115.411377	-31.969639
FRE	SGP	5	114.000000	-29.000000
FRE	SGP	6	112.700000	-26.000000
FRE	SGP	7	111.507366	-25.394497
FRE	SGP	8	111.183872	-24.477358
FRE	SGP	9	110.674365	-23.032849
FRE	SGP	10	110.632363	-22.913768
FRE	SGP	11	109.737283	-20.376116
FRE	SGP	12	107.064737	-12.341912
FRE	SGP	13	105.814819	-10.271681
FRE	SGP	14	105.012341	-8.877442
FRE	SGP	15	104.000000	-7.000000
FRE	SGP	16	104.828270	-6.592568
FRE	SGP	17	105.424805	-6.298919
FRE	SGP	18	105.754542	-5.979226
FRE	SGP	19	105.864207	-5.893542
FRE	SGP	20	106.459579	-5.312501
FRE	SGP	21	106.800000	-5.200000
FRE	SGP	22	106.100000	-3.000000
FRE	SGP	23	105.905189	-2.892342
FRE	SGP	24	105.686282	-2.345649
FRE	SGP	25	105.063239	-2.168977
FRE	SGP	26	104.137095	-0.586620
FRE	SGP	27	103.842773	0.568533
FRE	SGP	28	103.623047	0.738810
FRE	SGP	29	103.600000	1.100000
FRE	SGP	30	103.658066	1.197766
FRE	SGP	31	103.763466	1.259893
FRE	SGP	32	103.820000	1.260000
PTK	CMB	0	101.360000	3.000000
PTK	CMB	1	101.351624	2.999270
PTK	CMB	2	101.346130	3.074695
PTK	CMB	3	101.273346	3.122690
PTK	CMB	4	100.600000	3.200000
PTK	CMB	5	99.763807	4.084523
PTK	CMB	6	98.128129	5.811729
PTK	CMB	7	94.326449	6.157121
PTK	CMB	8	90.000000	6.466400
PTK	CMB	9	85.947900	6.198300
PTK	CMB	10	81.900000	5.900000
PTK	CMB	11	80.100000	5.800000
PTK	CMB	12	79.826660	6.424484
PTK	CMB	13	79.789581	6.994585
PTK	CMB	14	79.800000	6.930000
JKT	SGP	0	106.880000	-6.100000
JKT	SGP	1	106.879807	-6.083204
JKT	SGP	2	106.868134	-5.916581
JKT	SGP	3	106.800000	-5.200000
JKT	SGP	4	106.100000	-3.000000
JKT	SGP	5	105.905189	-2.892342
JKT	SGP	6	105.686282	-2.345649
JKT	SGP	7	105.063239	-2.168977
JKT	SGP	8	104.137095	-0.586620
JKT	SGP	9	103.842773	0.568533
JKT	SGP	10	103.623047	0.738810
JKT	SGP	11	103.600000	1.100000
JKT	SGP	12	103.658066	1.197766
JKT	SGP	13	103.763466	1.259893
JKT	SGP	14	103.820000	1.260000
MNL	SGP	0	120.960000	14.600000
MNL	SGP	1	120.930634	14.630095
MNL	SGP	2	120.535126	14.262387
MNL	SGP	3	119.900000	14.400000
MNL	SGP	4	115.044525	13.360816
MNL	SGP	5	111.913427	9.797721
MNL	SGP	6	109.934071	7.545272
MNL	SGP	7	104.482294	1.341312
MNL	SGP	8	104.145848	1.249295
MNL	SGP	9	103.861103	1.171415
MNL	SGP	10	103.763466	1.259893
MNL	SGP	11	103.820000	1.260000
LCH	SGP	0	100.890000	13.080000
LCH	SGP	1	100.851746	13.075465
LCH	SGP	2	100.600433	12.971104
LCH	SGP	3	100.706177	12.573329
LCH	SGP	4	101.026963	11.756932
LCH	SGP	5	102.041019	9.160960
LCH	SGP	6	102.439502	7.769072
LCH	SGP	7	103.533639	5.511174
LCH	SGP	8	103.912411	4.696465
LCH	SGP	9	104.217199	3.507041
LCH	SGP	10	104.482294	1.341312
LCH	SGP	11	104.145848	1.249295
LCH	SGP	12	103.861103	1.171415
LCH	SGP	13	103.763466	1.259893
LCH	SGP	14	103.820000	1.260000
HCM	SGP	0	106.750000	10.750000
HCM	SGP	1	106.864014	10.309515
HCM	SGP	2	107.300000	10.000000
HCM	SGP	3	107.320700	7.609100
HCM	SGP	4	104.482294	1.341312
HCM	SGP	5	104.145848	1.249295
HCM	SGP	6	103.861103	1.171415
HCM	SGP	7	103.763466	1.259893
HCM	SGP	8	103.820000	1.260000
ODS	PIR	0	30.730000	46.480000
ODS	PIR	1	30.949300	46.527900
ODS	PIR	2	30.900000	46.250000
ODS	PIR	3	30.114413	44.090652
ODS	PIR	4	30.011631	43.808135
ODS	PIR	5	29.596413	42.596499
ODS	PIR	6	29.132431	41.242447
ODS	PIR	7	29.096026	41.186306
ODS	PIR	8	29.050519	41.152050
ODS	PIR	9	29.070542	41.117776
ODS	PIR	10	29.042328	41.050547
ODS	PIR	11	28.995000	41.027893
ODS	PIR	12	28.977708	40.971568
ODS	PIR	13	28.501542	40.822160
ODS	PIR	14	28.449481	40.805825
ODS	PIR	15	27.277634	40.604950
ODS	PIR	16	26.768188	40.440676
ODS	PIR	17	26.200000	40.100000
ODS	PIR	18	25.766724	39.666724
ODS	PIR	19	25.700208	39.600208
ODS	PIR	20	25.500000	39.400000
ODS	PIR	21	25.337942	39.153055
ODS	PIR	22	24.657285	38.115863
ODS	PIR	23	24.520041	37.906730
ODS	PIR	24	24.372282	37.856919
ODS	PIR	25	24.114615	37.769372
ODS	PIR	26	24.083063	37.715634
ODS	PIR	27	24.063647	37.621498
ODS	PIR	28	23.888901	37.615875
ODS	PIR	29	23.885914	37.616154
ODS	PIR	30	23.642500	37.819200
ODS	PIR	31	23.619500	37.917095
ODS	PIR	32	23.640000	37.940000
NOV	PIR	0	37.780000	44.720000
NOV	PIR	1	37.829500	44.589700
NOV	PIR	2	37.470601	44.451570
NOV	PIR	3	37.301242	44.386389
NOV	PIR	4	37.016592	44.276835
NOV	PIR	5	36.846449	44.211352
NOV	PIR	6	36.397403	44.038527
NOV	PIR	7	35.952304	43.867221
NOV	PIR	8	33.847733	43.057232
NOV	PIR	9	33.504740	42.925224
NOV	PIR	10	29.132431	41.242447
NOV	PIR	11	29.096026	41.186306
NOV	PIR	12	29.050519	41.152050
NOV	PIR	13	29.070542	41.117776
NOV	PIR	14	29.042328	41.050547
NOV	PIR	15	28.995000	41.027893
NOV	PIR	16	28.977708	40.971568
NOV	PIR	17	28.501542	40.822160
NOV	PIR	18	28.449481	40.805825
NOV	PIR	19	27.277634	40.604950
NOV	PIR	20	26.768188	40.440676
NOV	PIR	21	26.200000	40.100000
NOV	PIR	22	25.766724	39.666724
NOV	PIR	23	25.700208	39.600208
NOV	PIR	24	25.500000	39.400000
NOV	PIR	25	25.337942	39.153055
NOV	PIR	26	24.657285	38.115863
NOV	PIR	27	24.520041	37.906730
NOV	PIR	28	24.372282	37.856919
NOV	PIR	29	24.114615	37.769372
NOV	PIR	30	24.083063	37.715634
NOV	PIR	31	24.063647	37.621498
NOV	PIR	32	23.888901	37.615875
NOV	PIR	33	23.885914	37.616154
NOV	PIR	34	23.642500	37.819200
NOV	PIR	35	23.619500	37.917095
NOV	PIR	36	23.640000	37.940000
KAR	RTM	0	66.990000	24.820000
KAR	RTM	1	66.975702	24.817412
KAR	RTM	2	66.600000	24.300000
KAR	RTM	3	64.447045	22.842503
KAR	RTM	4	62.375976	21.440441
KAR	RTM	5	59.000000	20.000000
KAR	RTM	6	58.191833	18.742507
KAR	RTM	7	56.876033	17.383860
KAR	RTM	8	54.200000	16.200000
KAR	RTM	9	49.558100	14.143600
KAR	RTM	10	45.000000	12.000000
KAR	RTM	11	43.746586	12.404390
KAR	RTM	12	43.300000	12.700000
KAR	RTM	13	42.541058	13.676089
KAR	RTM	14	42.341309	14.509144
KAR	RTM	15	41.000977	17.098792
KAR	RTM	16	38.572998	20.807472
KAR	RTM	17	37.786499	22.210682
KAR	RTM	18	37.000000	23.600000
KAR	RTM	19	34.500000	27.000000
KAR	RTM	20	33.233643	28.444544
KAR	RTM	21	32.600000	29.700000
KAR	RTM	22	32.557983	30.213982
KAR	RTM	23	32.382202	30.318359
KAR	RTM	24	32.310104	31.102922
KAR	RTM	25	32.359877	31.336373
KAR	RTM	26	32.100000	31.700000
KAR	RTM	27	30.408377	32.316071
KAR	RTM	28	28.905525	32.863395
KAR	RTM	29	28.212434	33.115811
KAR	RTM	30	27.927542	33.219565
KAR	RTM	31	26.306431	33.748752
KAR	RTM	32	25.478721	34.011915
KAR	RTM	33	24.926664	34.187436
KAR	RTM	34	23.000000	34.800000
KAR	RTM	35	21.407365	35.126694
KAR	RTM	36	17.902084	35.845726
KAR	RTM	37	16.726588	36.086854
KAR	RTM	38	15.200000	36.400000
KAR	RTM	39	13.263819	36.907095
KAR	RTM	40	12.110644	37.209117
KAR	RTM	41	12.086301	37.215493
KAR	RTM	42	11.827836	37.283186
KAR	RTM	43	11.172235	37.454891
KAR	RTM	44	11.000000	37.500000
KAR	RTM	45	10.373031	37.482087
KAR	RTM	46	7.500000	37.400000
KAR	RTM	47	3.100000	37.200000
KAR	RTM	48	-0.366667	36.666667
KAR	RTM	49	-1.624390	36.473171
KAR	RTM	50	-2.244793	36.377724
KAR	RTM	51	-2.590675	36.324512
KAR	RTM	52	-3.264225	36.220888
KAR	RTM	53	-3.683043	36.156455
KAR	RTM	54	-4.700000	36.000000
KAR	RTM	55	-5.269383	35.972890
KAR	RTM	56	-5.354867	35.968819
KAR	RTM	57	-5.750000	35.950000
KAR	RTM	58	-7.269660	36.319060
KAR	RTM	59	-8.219465	36.549727
KAR	RTM	60	-9.250000	36.800000
KAR	RTM	61	-9.452092	37.781589
KAR	RTM	62	-9.600000	38.500000
KAR	RTM	63	-9.984400	40.779800
KAR	RTM	64	-9.500000	43.000000
KAR	RTM	65	-9.142640	43.688493
KAR	RTM	66	-9.019938	43.924891
KAR	RTM	67	-8.495760	44.934776
KAR	RTM	68	-7.954994	45.668797
KAR	RTM	69	-6.698867	47.340067
KAR	RTM	70	-5.500000	48.666700
KAR	RTM	71	-5.064010	48.799916
KAR	RTM	72	-4.270518	49.042365
KAR	RTM	73	-4.030414	49.115729
KAR	RTM	74	-3.986163	49.129249
KAR	RTM	75	-3.197043	49.370363
KAR	RTM	76	-2.391890	49.616376
KAR	RTM	77	-1.992006	49.738559
KAR	RTM	78	-1.933650	49.756390
KAR	RTM	79	-1.665743	49.838248
KAR	RTM	80	-1.479770	49.895072
KAR	RTM	81	-1.300000	49.950000
KAR	RTM	82	-0.671539	50.155459
KAR	RTM	83	-0.545959	50.196513
KAR	RTM	84	-0.343359	50.262748
KAR	RTM	85	0.392880	50.503441
KAR	RTM	86	1.193894	50.765311
KAR	RTM	87	1.300000	50.800000
KAR	RTM	88	1.441366	50.849032
KAR	RTM	89	1.567687	50.892845
KAR	RTM	90	1.813195	50.988387
KAR	RTM	91	2.100000	51.100000
KAR	RTM	92	2.356699	51.178984
KAR	RTM	93	3.400000	51.500000
KAR	RTM	94	3.559619	51.659619
KAR	RTM	95	3.900000	52.000000
KAR	RTM	96	4.069748	51.987629
KAR	RTM	97	4.000000	51.950000
CMB	RTM	0	79.800000	6.930000
CMB	RTM	1	79.789581	6.994585
CMB	RTM	2	78.868856	6.674926
CMB	RTM	3	78.019032	6.387793
CMB	RTM	4	75.966807	6.966807
CMB	RTM	5	70.817426	8.365148
CMB	RTM	6	69.999915	8.582747
CMB	RTM	7	69.671733	8.670100
CMB	RTM	8	69.329100	8.761300
CMB	RTM	9	68.858995	8.881605
CMB	RTM	10	65.704400	9.688900
CMB	RTM	11	64.992809	9.862937
CMB	RTM	12	64.698862	9.934828
CMB	RTM	13	64.303249	10.031585
CMB	RTM	14	62.060100	10.580200
CMB	RTM	15	60.825733	10.866984
CMB	RTM	16	59.894005	11.083455
CMB	RTM	17	55.041504	12.747516
CMB	RTM	18	53.618850	13.300009
CMB	RTM	19	50.856149	12.884027
CMB	RTM	20	45.000000	12.000000
CMB	RTM	21	43.746586	12.404390
CMB	RTM	22	43.300000	12.700000
CMB	RTM	23	42.541058	13.676089
CMB	RTM	24	42.341309	14.509144
CMB	RTM	25	41.000977	17.098792
CMB	RTM	26	38.572998	20.807472
CMB	RTM	27	37.786499	22.210682
CMB	RTM	28	37.000000	23.600000
CMB	RTM	29	34.500000	27.000000
CMB	RTM	30	33.233643	28.444544
CMB	RTM	31	32.600000	29.700000
CMB	RTM	32	32.557983	30.213982
CMB	RTM	33	32.382202	30.318359
CMB	RTM	34	32.310104	31.102922
CMB	RTM	35	32.359877	31.336373
CMB	RTM	36	32.100000	31.700000
CMB	RTM	37	30.408377	32.316071
CMB	RTM	38	28.905525	32.863395
CMB	RTM	39	28.212434	33.115811
CMB	RTM	40	27.927542	33.219565
CMB	RTM	41	26.306431	33.748752
CMB	RTM	42	25.478721	34.011915
CMB	RTM	43	24.926664	34.187436
CMB	RTM	44	23.000000	34.800000
CMB	RTM	45	21.407365	35.126694
CMB	RTM	46	17.902084	35.845726
CMB	RTM	47	16.726588	36.086854
CMB	RTM	48	15.200000	36.400000
CMB	RTM	49	13.263819	36.907095
CMB	RTM	50	12.110644	37.209117
CMB	RTM	51	12.086301	37.215493
CMB	RTM	52	11.827836	37.283186
CMB	RTM	53	11.172235	37.454891
CMB	RTM	54	11.000000	37.500000
CMB	RTM	55	10.373031	37.482087
CMB	RTM	56	7.500000	37.400000
CMB	RTM	57	3.100000	37.200000
CMB	RTM	58	-0.366667	36.666667
CMB	RTM	59	-1.624390	36.473171
CMB	RTM	60	-2.244793	36.377724
CMB	RTM	61	-2.590675	36.324512
CMB	RTM	62	-3.264225	36.220888
CMB	RTM	63	-3.683043	36.156455
CMB	RTM	64	-4.700000	36.000000
CMB	RTM	65	-5.269383	35.972890
CMB	RTM	66	-5.354867	35.968819
CMB	RTM	67	-5.750000	35.950000
CMB	RTM	68	-7.269660	36.319060
CMB	RTM	69	-8.219465	36.549727
CMB	RTM	70	-9.250000	36.800000
CMB	RTM	71	-9.452092	37.781589
CMB	RTM	72	-9.600000	38.500000
CMB	RTM	73	-9.984400	40.779800
CMB	RTM	74	-9.500000	43.000000
CMB	RTM	75	-9.142640	43.688493
CMB	RTM	76	-9.019938	43.924891
CMB	RTM	77	-8.495760	44.934776
CMB	RTM	78	-7.954994	45.668797
CMB	RTM	79	-6.698867	47.340067
CMB	RTM	80	-5.500000	48.666700
CMB	RTM	81	-5.064010	48.799916
CMB	RTM	82	-4.270518	49.042365
CMB	RTM	83	-4.030414	49.115729
CMB	RTM	84	-3.986163	49.129249
CMB	RTM	85	-3.197043	49.370363
CMB	RTM	86	-2.391890	49.616376
CMB	RTM	87	-1.992006	49.738559
CMB	RTM	88	-1.933650	49.756390
CMB	RTM	89	-1.665743	49.838248
CMB	RTM	90	-1.479770	49.895072
CMB	RTM	91	-1.300000	49.950000
CMB	RTM	92	-0.671539	50.155459
CMB	RTM	93	-0.545959	50.196513
CMB	RTM	94	-0.343359	50.262748
CMB	RTM	95	0.392880	50.503441
CMB	RTM	96	1.193894	50.765311
CMB	RTM	97	1.300000	50.800000
CMB	RTM	98	1.441366	50.849032
CMB	RTM	99	1.567687	50.892845
CMB	RTM	100	1.813195	50.988387
CMB	RTM	101	2.100000	51.100000
CMB	RTM	102	2.356699	51.178984
CMB	RTM	103	3.400000	51.500000
CMB	RTM	104	3.559619	51.659619
CMB	RTM	105	3.900000	52.000000
CMB	RTM	106	4.069748	51.987629
CMB	RTM	107	4.000000	51.950000
SGP	CPT	0	103.820000	1.260000
SGP	CPT	1	103.763466	1.259893
SGP	CPT	2	103.658066	1.197766
SGP	CPT	3	103.600000	1.100000
SGP	CPT	4	103.623047	0.738810
SGP	CPT	5	103.842773	0.568533
SGP	CPT	6	104.137095	-0.586620
SGP	CPT	7	105.063239	-2.168977
SGP	CPT	8	105.686282	-2.345649
SGP	CPT	9	105.905189	-2.892342
SGP	CPT	10	106.100000	-3.000000
SGP	CPT	11	106.800000	-5.200000
SGP	CPT	12	106.459579	-5.312501
SGP	CPT	13	105.864207	-5.893542
SGP	CPT	14	105.754542	-5.979226
SGP	CPT	15	105.424805	-6.298919
SGP	CPT	16	104.828270	-6.592568
SGP	CPT	17	104.000000	-7.000000
SGP	CPT	18	100.000000	-10.000000
SGP	CPT	19	95.061100	-13.097200
SGP	CPT	20	93.735063	-13.883479
SGP	CPT	21	90.000624	-16.097830
SGP	CPT	22	87.410925	-17.548180
SGP	CPT	23	86.989753	-17.784076
SGP	CPT	24	86.989745	-17.784081
SGP	CPT	25	86.626200	-17.987700
SGP	CPT	26	82.741545	-20.037946
SGP	CPT	27	80.903432	-20.957707
SGP	CPT	28	80.000395	-21.409572
SGP	CPT	29	77.600719	-22.543222
SGP	CPT	30	76.052600	-23.267400
SGP	CPT	31	73.944701	-24.181688
SGP	CPT	32	72.357100	-24.870300
SGP	CPT	33	70.001174	-25.809188
SGP	CPT	34	68.568600	-26.380100
SGP	CPT	35	66.312924	-27.197748
SGP	CPT	36	64.684300	-27.788100
SGP	CPT	37	61.107776	-28.953503
SGP	CPT	38	59.850755	-29.331435
SGP	CPT	39	57.364335	-30.049282
SGP	CPT	40	52.457400	-31.310900
SGP	CPT	41	51.411778	-31.534939
SGP	CPT	42	50.000771	-31.837267
SGP	CPT	43	47.907599	-32.274820
SGP	CPT	44	42.877817	-33.128872
SGP	CPT	45	40.001483	-33.531655
SGP	CPT	46	36.390766	-33.923893
SGP	CPT	47	35.011500	-34.066200
SGP	CPT	48	30.517000	-34.365000
SGP	CPT	49	26.000000	-34.500000
SGP	CPT	50	22.000000	-35.000000
SGP	CPT	51	18.000000	-35.000000
SGP	CPT	52	18.237305	-33.840764
SGP	CPT	53	18.428192	-33.862433
SGP	CPT	54	18.350000	-33.900000
CPT	RTM	0	18.350000	-33.900000
CPT	RTM	1	18.428192	-33.862433
CPT	RTM	2	18.237305	-33.840764
CPT	RTM	3	18.000000	-35.000000
CPT	RTM	4	12.499733	-28.125200
CPT	RTM	5	10.425227	-25.532270
CPT	RTM	6	7.893860	-22.368307
CPT	RTM	7	5.653262	-19.567777
CPT	RTM	8	3.542734	-16.929822
CPT	RTM	9	1.783300	-14.730700
CPT	RTM	10	0.000405	-12.501846
CPT	RTM	11	-1.100476	-11.125600
CPT	RTM	12	-1.989182	-10.014600
CPT	RTM	13	-5.531121	-5.586708
CPT	RTM	14	-10.000000	-0.000020
CPT	RTM	15	-13.427700	5.530200
CPT	RTM	16	-17.000000	11.000000
CPT	RTM	17	-18.000000	15.000000
CPT	RTM	18	-18.000000	21.000000
CPT	RTM	19	-15.128174	27.999252
CPT	RTM	20	-15.145809	28.538331
CPT	RTM	21	-15.172119	29.337503
CPT	RTM	22	-13.905100	32.409300
CPT	RTM	23	-13.328750	34.065242
CPT	RTM	24	-13.114888	34.679700
CPT	RTM	25	-12.839781	35.470126
CPT	RTM	26	-12.761203	35.695892
CPT	RTM	27	-12.608538	36.134522
CPT	RTM	28	-12.493983	36.463656
CPT	RTM	29	-12.326120	36.945951
CPT	RTM	30	-12.262448	37.128892
CPT	RTM	31	-12.131862	37.504085
CPT	RTM	32	-12.057515	37.717697
CPT	RTM	33	-11.810090	38.428587
CPT	RTM	34	-11.664545	38.846760
CPT	RTM	35	-11.158374	40.301066
CPT	RTM	36	-11.070622	40.553191
CPT	RTM	37	-10.289669	42.796988
CPT	RTM	38	-10.167909	43.146826
CPT	RTM	39	-10.063992	43.402334
CPT	RTM	40	-7.987368	45.914250
CPT	RTM	41	-6.698867	47.340067
CPT	RTM	42	-5.500000	48.666700
CPT	RTM	43	-5.064010	48.799916
CPT	RTM	44	-4.270518	49.042365
CPT	RTM	45	-4.030414	49.115729
CPT	RTM	46	-3.986163	49.129249
CPT	RTM	47	-3.197043	49.370363
CPT	RTM	48	-2.391890	49.616376
CPT	RTM	49	-1.992006	49.738559
CPT	RTM	50	-1.933650	49.756390
CPT	RTM	51	-1.665743	49.838248
CPT	RTM	52	-1.479770	49.895072
CPT	RTM	53	-1.300000	49.950000
CPT	RTM	54	-0.671539	50.155459
CPT	RTM	55	-0.545959	50.196513
CPT	RTM	56	-0.343359	50.262748
CPT	RTM	57	0.392880	50.503441
CPT	RTM	58	1.193894	50.765311
CPT	RTM	59	1.300000	50.800000
CPT	RTM	60	1.441366	50.849032
CPT	RTM	61	1.567687	50.892845
CPT	RTM	62	1.813195	50.988387
CPT	RTM	63	2.100000	51.100000
CPT	RTM	64	2.356699	51.178984
CPT	RTM	65	3.400000	51.500000
CPT	RTM	66	3.559619	51.659619
CPT	RTM	67	3.900000	52.000000
CPT	RTM	68	4.069748	51.987629
CPT	RTM	69	4.000000	51.950000
WEL	SYP	0	174.783300	-41.283300
WEL	SYP	1	174.756400	-41.607100
WEL	SYP	2	174.465637	-41.446844
WEL	SYP	3	174.424438	-40.720201
WEL	SYP	4	173.879277	-40.439208
WEL	SYP	5	173.430842	-40.207187
WEL	SYP	6	172.546197	-40.031831
WEL	SYP	7	171.138719	-39.753030
WEL	SYP	8	167.956100	-39.122600
WEL	SYP	9	166.669006	-38.794089
WEL	SYP	10	162.468477	-37.721968
WEL	SYP	11	160.001580	-36.963571
WEL	SYP	12	157.632378	-36.221976
WEL	SYP	13	151.500000	-34.000100
WEL	SYP	14	151.312981	-33.835631
WEL	SYP	15	151.278305	-33.828787
WEL	SYP	16	151.251183	-33.856945
WEL	SYP	17	151.211615	-33.854094
WEL	SYP	18	151.230000	-33.850000
POM	SYP	0	147.133300	-9.466700
POM	SYP	1	147.266235	-9.600750
POM	SYP	2	147.000000	-10.000000
POM	SYP	3	150.139160	-11.221510
POM	SYP	4	152.235448	-11.903124
POM	SYP	5	152.720317	-13.622989
POM	SYP	6	152.878902	-16.230833
POM	SYP	7	153.016375	-18.491499
POM	SYP	8	153.575134	-24.584593
POM	SYP	9	153.800000	-27.150000
POM	SYP	10	153.735061	-27.995492
POM	SYP	11	153.830566	-28.671311
POM	SYP	12	153.391113	-30.349176
POM	SYP	13	152.748413	-32.481963
POM	SYP	14	152.250000	-33.000000
POM	SYP	15	151.500000	-34.000100
POM	SYP	16	151.312981	-33.835631
POM	SYP	17	151.278305	-33.828787
POM	SYP	18	151.251183	-33.856945
POM	SYP	19	151.211615	-33.854094
POM	SYP	20	151.230000	-33.850000
HON	POM	0	159.950000	-9.416700
HON	POM	1	160.000000	-10.000000
HON	POM	2	154.709473	-11.749059
HON	POM	3	152.235448	-11.903124
HON	POM	4	150.139160	-11.221510
HON	POM	5	147.000000	-10.000000
HON	POM	6	147.266235	-9.600750
HON	POM	7	147.133300	-9.466700
NOU	SYP	0	166.433300	-22.283300
NOU	SYP	1	166.300000	-22.400000
NOU	SYP	2	165.163426	-23.830256
NOU	SYP	3	164.454607	-24.722227
NOU	SYP	4	163.252300	-26.235200
NOU	SYP	5	160.000000	-30.000000
NOU	SYP	6	156.186700	-31.558300
NOU	SYP	7	152.250000	-33.000000
NOU	SYP	8	151.500000	-34.000100
NOU	SYP	9	151.312981	-33.835631
NOU	SYP	10	151.278305	-33.828787
NOU	SYP	11	151.251183	-33.856945
NOU	SYP	12	151.211615	-33.854094
NOU	SYP	13	151.230000	-33.850000
API	AKP	0	-171.766700	-13.816700
API	AKP	1	-171.764374	-13.810743
API	AKP	2	-171.665497	-13.619295
API	AKP	3	-170.921173	-14.310296
API	AKP	4	-170.700000	-14.400000
API	AKP	5	-173.056200	-17.715000
API	AKP	6	-175.500000	-21.000000
API	AKP	7	-176.570722	-23.233893
API	AKP	8	-177.665800	-25.518600
API	AKP	9	-180.000000	-30.000000
API	AKP	10	-186.000000	-34.000000
API	AKP	11	-185.682678	-35.090698
API	AKP	12	-185.364075	-35.328571
API	AKP	13	-185.376434	-35.966336
API	AKP	14	-184.979553	-36.242058
API	AKP	15	-185.078430	-36.681636
API	AKP	16	174.800000	-36.840000
NUK	AKP	0	-175.200000	-21.133300
NUK	AKP	1	-175.500000	-21.000000
NUK	AKP	2	-176.570722	-23.233893
NUK	AKP	3	-177.665800	-25.518600
NUK	AKP	4	-180.000000	-30.000000
NUK	AKP	5	-186.000000	-34.000000
NUK	AKP	6	-185.682678	-35.090698
NUK	AKP	7	-185.364075	-35.328571
NUK	AKP	8	-185.376434	-35.966336
NUK	AKP	9	-184.979553	-36.242058
NUK	AKP	10	-185.078430	-36.681636
NUK	AKP	11	174.800000	-36.840000
DIL	SYP	0	125.583300	-8.533300
DIL	SYP	1	125.591583	-8.528059
DIL	SYP	2	125.299072	-8.385431
DIL	SYP	3	126.349640	-8.223723
DIL	SYP	4	127.450000	-8.316700
DIL	SYP	5	132.000000	-8.900000
DIL	SYP	6	137.147643	-9.738213
DIL	SYP	7	142.108154	-10.447299
DIL	SYP	8	143.019818	-10.449856
DIL	SYP	9	145.400000	-14.700000
DIL	SYP	10	146.000000	-16.700000
DIL	SYP	11	147.100000	-18.700000
DIL	SYP	12	150.169373	-20.815174
DIL	SYP	13	151.248779	-22.847071
DIL	SYP	14	151.820068	-23.634460
DIL	SYP	15	153.575134	-24.584593
DIL	SYP	16	153.800000	-27.150000
DIL	SYP	17	153.735061	-27.995492
DIL	SYP	18	153.830566	-28.671311
DIL	SYP	19	153.391113	-30.349176
DIL	SYP	20	152.748413	-32.481963
DIL	SYP	21	152.250000	-33.000000
DIL	SYP	22	151.500000	-34.000100
DIL	SYP	23	151.312981	-33.835631
DIL	SYP	24	151.278305	-33.828787
DIL	SYP	25	151.251183	-33.856945
DIL	SYP	26	151.211615	-33.854094
DIL	SYP	27	151.230000	-33.850000
SRB	SGP	0	112.733300	-7.200000
SRB	SGP	1	112.668915	-7.137686
SRB	SGP	2	112.656555	-6.780535
SRB	SGP	3	111.762484	-5.636840
SRB	SGP	4	110.154419	-3.724486
SRB	SGP	5	109.335938	-2.317483
SRB	SGP	6	108.275875	-2.103077
SRB	SGP	7	107.656412	-1.540824
SRB	SGP	8	105.006605	1.126757
SRB	SGP	9	104.482294	1.341312
SRB	SGP	10	104.145848	1.249295
SRB	SGP	11	103.861103	1.171415
SRB	SGP	12	103.763466	1.259893
SRB	SGP	13	103.820000	1.260000
KKB	SGP	0	116.066700	5.983300
KKB	SGP	1	116.083603	6.015605
KKB	SGP	2	115.714472	6.691357
KKB	SGP	3	114.584200	6.259600
KKB	SGP	4	114.000000	6.000000
KKB	SGP	5	111.235622	4.487034
KKB	SGP	6	109.800000	3.700000
KKB	SGP	7	104.482294	1.341312
KKB	SGP	8	104.145848	1.249295
KKB	SGP	9	103.861103	1.171415
KKB	SGP	10	103.763466	1.259893
KKB	SGP	11	103.820000	1.260000
PDK	SGP	0	101.783300	2.533300
PDK	SGP	1	101.316415	2.586072
PDK	SGP	2	102.000000	2.000000
PDK	SGP	3	103.600000	1.100000
PDK	SGP	4	103.658066	1.197766
PDK	SGP	5	103.763466	1.259893
PDK	SGP	6	103.820000	1.260000
PEN	SGP	0	100.350000	5.416700
PEN	SGP	1	100.349121	5.458794
PEN	SGP	2	100.189819	5.576350
PEN	SGP	3	100.079956	5.413680
PEN	SGP	4	100.118408	4.839207
PEN	SGP	5	99.763807	4.084523
PEN	SGP	6	100.600000	3.200000
PEN	SGP	7	101.316415	2.586072
PEN	SGP	8	102.000000	2.000000
PEN	SGP	9	103.600000	1.100000
PEN	SGP	10	103.658066	1.197766
PEN	SGP	11	103.763466	1.259893
PEN	SGP	12	103.820000	1.260000
BAT	MNL	0	121.050000	13.750000
BAT	MNL	1	120.820770	13.891411
BAT	MNL	2	120.724640	13.635310
BAT	MNL	3	120.502167	13.911407
BAT	MNL	4	120.535126	14.262387
BAT	MNL	5	120.930634	14.630095
BAT	MNL	6	120.960000	14.600000
CEB	MNL	0	123.900000	10.300000
CEB	MNL	1	123.983459	10.229789
CEB	MNL	2	124.157867	10.451350
CEB	MNL	3	124.174627	10.807914
CEB	MNL	4	124.181213	10.947933
CEB	MNL	5	124.107056	11.290201
CEB	MNL	6	123.423843	11.681152
CEB	MNL	7	123.077774	11.788047
CEB	MNL	8	122.823715	11.965441
CEB	MNL	9	122.231501	12.464794
CEB	MNL	10	122.189197	12.653453
CEB	MNL	11	121.914597	12.831218
CEB	MNL	12	121.522543	13.368274
CEB	MNL	13	120.724640	13.635310
CEB	MNL	14	120.502167	13.911407
CEB	MNL	15	120.535126	14.262387
CEB	MNL	16	120.930634	14.630095
CEB	MNL	17	120.960000	14.600000
DAV	MNL	0	125.616700	7.066700
DAV	MNL	1	125.551758	7.000038
DAV	MNL	2	125.844919	6.668039
DAV	MNL	3	125.800000	5.700000
DAV	MNL	4	125.391083	5.479300
DAV	MNL	5	125.040894	5.756739
DAV	MNL	6	123.875186	6.172271
DAV	MNL	7	122.320404	6.725984
DAV	MNL	8	121.863098	6.905977
DAV	MNL	9	121.925000	8.750165
DAV	MNL	10	121.474113	11.220289
DAV	MNL	11	121.753658	12.223859
DAV	MNL	12	121.522543	13.368274
DAV	MNL	13	120.724640	13.635310
DAV	MNL	14	120.502167	13.911407
DAV	MNL	15	120.535126	14.262387
DAV	MNL	16	120.930634	14.630095
DAV	MNL	17	120.960000	14.600000
DNG	SGP	0	108.216700	16.100000
DNG	SGP	1	108.363647	16.241046
DNG	SGP	2	109.000000	16.100000
DNG	SGP	3	109.279238	15.116448
DNG	SGP	4	109.624875	13.892702
DNG	SGP	5	109.758911	12.146746
DNG	SGP	6	107.320700	7.609100
DNG	SGP	7	104.482294	1.341312
DNG	SGP	8	104.145848	1.249295
DNG	SGP	9	103.861103	1.171415
DNG	SGP	10	103.763466	1.259893
DNG	SGP	11	103.820000	1.260000
KMP	SGP	0	103.500000	10.633300
KMP	SGP	1	103.433533	10.783396
KMP	SGP	2	103.389587	10.510767
KMP	SGP	3	104.628296	8.483239
KMP	SGP	4	105.056763	8.369127
KMP	SGP	5	104.764560	6.120057
KMP	SGP	6	104.482294	1.341312
KMP	SGP	7	104.145848	1.249295
KMP	SGP	8	103.861103	1.171415
KMP	SGP	9	103.763466	1.259893
KMP	SGP	10	103.820000	1.260000
BKK	SGP	0	100.500000	13.750000
BKK	SGP	1	100.608673	13.532525
BKK	SGP	2	100.600433	12.971104
BKK	SGP	3	100.706177	12.573329
BKK	SGP	4	101.026963	11.756932
BKK	SGP	5	102.041019	9.160960
BKK	SGP	6	102.439502	7.769072
BKK	SGP	7	103.533639	5.511174
BKK	SGP	8	103.912411	4.696465
BKK	SGP	9	104.217199	3.507041
BKK	SGP	10	104.482294	1.341312
BKK	SGP	11	104.145848	1.249295
BKK	SGP	12	103.861103	1.171415
BKK	SGP	13	103.763466	1.259893
BKK	SGP	14	103.820000	1.260000
SAT	SGP	0	100.916700	12.616700
SAT	SGP	1	100.706177	12.573329
SAT	SGP	2	101.026963	11.756932
SAT	SGP	3	102.041019	9.160960
SAT	SGP	4	102.439502	7.769072
SAT	SGP	5	103.533639	5.511174
SAT	SGP	6	103.912411	4.696465
SAT	SGP	7	104.217199	3.507041
SAT	SGP	8	104.482294	1.341312
SAT	SGP	9	104.145848	1.249295
SAT	SGP	10	103.861103	1.171415
SAT	SGP	11	103.763466	1.259893
SAT	SGP	12	103.820000	1.260000
JHR	SGP	0	103.900000	1.433300
JHR	SGP	1	103.895988	1.427732
JHR	SGP	2	103.926287	1.429362
JHR	SGP	3	103.999157	1.418465
JHR	SGP	4	104.026451	1.375562
JHR	SGP	5	104.145848	1.249295
JHR	SGP	6	103.861103	1.171415
JHR	SGP	7	103.763466	1.259893
JHR	SGP	8	103.820000	1.260000
MAC	YTN	0	113.566700	22.183300
MAC	YTN	1	113.578033	22.181047
MAC	YTN	2	113.693390	22.238260
MAC	YTN	3	113.855438	22.034730
MAC	YTN	4	114.100000	21.700000
MAC	YTN	5	114.216614	21.932855
MAC	YTN	6	114.426727	22.070369
MAC	YTN	7	114.421234	22.253513
MAC	YTN	8	114.428101	22.338644
MAC	YTN	9	114.451447	22.426263
MAC	YTN	10	114.408875	22.517631
MAC	YTN	11	114.336090	22.558220
MAC	YTN	12	114.270000	22.580000
KHH	YTN	0	120.250000	22.616700
KHH	YTN	1	120.253258	22.705255
KHH	YTN	2	120.140991	22.702108
KHH	YTN	3	120.000000	22.100000
KHH	YTN	4	118.030487	22.691517
KHH	YTN	5	117.000000	23.000000
KHH	YTN	6	115.443883	22.303937
KHH	YTN	7	114.451447	22.426263
KHH	YTN	8	114.408875	22.517631
KHH	YTN	9	114.336090	22.558220
KHH	YTN	10	114.270000	22.580000
GZH	YTN	0	113.233300	23.116700
GZH	YTN	1	113.564301	22.863522
GZH	YTN	2	113.685150	22.703989
GZH	YTN	3	113.753407	22.472141
GZH	YTN	4	113.693390	22.238260
GZH	YTN	5	113.855438	22.034730
GZH	YTN	6	114.100000	21.700000
GZH	YTN	7	114.216614	21.932855
GZH	YTN	8	114.426727	22.070369
GZH	YTN	9	114.421234	22.253513
GZH	YTN	10	114.428101	22.338644
GZH	YTN	11	114.451447	22.426263
GZH	YTN	12	114.408875	22.517631
GZH	YTN	13	114.336090	22.558220
GZH	YTN	14	114.270000	22.580000
DAL	QNG	0	121.666700	38.916700
DAL	QNG	1	121.742249	38.948729
DAL	QNG	2	122.000000	38.700000
DAL	QNG	3	122.622974	37.869368
DAL	QNG	4	122.763977	37.477038
DAL	QNG	5	122.723417	36.841625
DAL	QNG	6	121.000000	35.900000
DAL	QNG	7	120.264587	36.031332
DAL	QNG	8	120.300000	36.070000
KEL	YTN	0	121.766700	25.133300
KEL	YTN	1	121.746025	25.176981
KEL	YTN	2	121.506042	25.420147
KEL	YTN	3	121.275330	25.243935
KEL	YTN	4	120.951233	25.109743
KEL	YTN	5	120.000000	24.809490
KEL	YTN	6	119.523707	24.707707
KEL	YTN	7	119.095133	24.645959
KEL	YTN	8	118.755294	24.354126
KEL	YTN	9	118.346810	24.018001
KEL	YTN	10	117.398162	23.301773
KEL	YTN	11	117.000000	23.000000
KEL	YTN	12	115.443883	22.303937
KEL	YTN	13	114.451447	22.426263
KEL	YTN	14	114.408875	22.517631
KEL	YTN	15	114.336090	22.558220
KEL	YTN	16	114.270000	22.580000
INC	BUS	0	126.616700	37.466700
INC	BUS	1	126.414185	37.166883
INC	BUS	2	125.911560	36.897194
INC	BUS	3	125.875854	36.496390
INC	BUS	4	125.815430	36.089060
INC	BUS	5	125.774231	35.750970
INC	BUS	6	125.573730	34.152727
INC	BUS	7	127.444583	34.104419
INC	BUS	8	128.169250	34.406910
INC	BUS	9	128.916321	34.761923
INC	BUS	10	129.200000	35.000000
INC	BUS	11	129.050000	35.070000
MOK	BUS	0	126.383300	34.783300
MOK	BUS	1	125.573730	34.152727
MOK	BUS	2	127.444583	34.104419
MOK	BUS	3	128.169250	34.406910
MOK	BUS	4	128.916321	34.761923
MOK	BUS	5	129.200000	35.000000
MOK	BUS	6	129.050000	35.070000
HKT	BUS	0	130.400000	33.600000
HKT	BUS	1	130.385056	33.619766
HKT	BUS	2	130.259399	33.661496
HKT	BUS	3	130.260489	33.715739
HKT	BUS	4	130.264206	33.900627
HKT	BUS	5	130.690613	33.991196
HKT	BUS	6	130.100000	34.300000
HKT	BUS	7	129.200000	35.000000
HKT	BUS	8	129.050000	35.070000
ABD	RTA	0	48.283300	30.333300
ABD	RTA	1	48.194275	30.015598
ABD	RTA	2	48.660224	29.701563
ABD	RTA	3	48.833915	29.050188
ABD	RTA	4	49.055127	28.214613
ABD	RTA	5	49.886169	27.125147
ABD	RTA	6	50.243413	26.805152
ABD	RTA	7	50.191040	26.556593
ABD	RTA	8	50.160000	26.640000
BSH	RTA	0	50.833300	28.983300
BSH	RTA	1	50.842667	29.032758
BSH	RTA	2	50.737610	28.932449
BSH	RTA	3	51.447500	27.543500
BSH	RTA	4	51.221979	27.181631
BSH	RTA	5	50.243413	26.805152
BSH	RTA	6	50.191040	26.556593
BSH	RTA	7	50.160000	26.640000
BSR	RTA	0	47.833300	30.516700
BSR	RTA	1	47.958069	30.069391
BSR	RTA	2	47.958412	30.007274
BSR	RTA	3	48.014717	29.994489
BSR	RTA	4	48.071022	30.028975
BSR	RTA	5	48.194275	30.015598
BSR	RTA	6	48.660224	29.701563
BSR	RTA	7	48.833915	29.050188
BSR	RTA	8	49.055127	28.214613
BSR	RTA	9	49.886169	27.125147
BSR	RTA	10	50.243413	26.805152
BSR	RTA	11	50.191040	26.556593
BSR	RTA	12	50.160000	26.640000
RLF	RTA	0	51.583300	25.916700
RLF	RTA	1	51.600000	26.300000
RLF	RTA	2	50.243413	26.805152
RLF	RTA	3	50.191040	26.556593
RLF	RTA	4	50.160000	26.640000
AUH	RTA	0	54.333300	24.500000
AUH	RTA	1	54.312286	24.519638
AUH	RTA	2	53.953193	24.798804
AUH	RTA	3	53.184814	24.492148
AUH	RTA	4	52.100000	24.700000
AUH	RTA	5	52.556464	25.379085
AUH	RTA	6	51.843109	25.331614
AUH	RTA	7	51.600000	26.300000
AUH	RTA	8	50.243413	26.805152
AUH	RTA	9	50.191040	26.556593
AUH	RTA	10	50.160000	26.640000
KFK	RTA	0	56.368900	25.362800
KFK	RTA	1	56.403809	25.137825
KFK	RTA	2	57.100000	25.500000
KFK	RTA	3	56.931531	25.961959
KFK	RTA	4	56.763061	26.422112
KFK	RTA	5	56.547226	26.511054
KFK	RTA	6	56.343384	26.441066
KFK	RTA	7	55.345025	26.132657
KFK	RTA	8	55.064332	26.151124
KFK	RTA	9	54.399148	26.194877
KFK	RTA	10	53.148966	26.254880
KFK	RTA	11	51.600000	26.300000
KFK	RTA	12	50.243413	26.805152
KFK	RTA	13	50.191040	26.556593
KFK	RTA	14	50.160000	26.640000
MAH	RTA	0	48.166700	29.066700
MAH	RTA	1	48.154587	29.059473
MAH	RTA	2	48.300000	29.100000
MAH	RTA	3	49.055127	28.214613
MAH	RTA	4	49.886169	27.125147
MAH	RTA	5	50.243413	26.805152
MAH	RTA	6	50.191040	26.556593
MAH	RTA	7	50.160000	26.640000
MSL	RTA	0	50.633300	26.200000
MSL	RTA	1	50.621796	26.141191
MSL	RTA	2	51.600000	26.300000
MSL	RTA	3	50.243413	26.805152
MSL	RTA	4	50.191040	26.556593
MSL	RTA	5	50.160000	26.640000
AMK	JEA	0	43.250000	13.316700
AMK	JEA	1	43.300000	12.700000
AMK	JEA	2	43.746586	12.404390
AMK	JEA	3	45.000000	12.000000
AMK	JEA	4	49.558100	14.143600
AMK	JEA	5	54.200000	16.200000
AMK	JEA	6	56.876033	17.383860
AMK	JEA	7	58.191833	18.742507
AMK	JEA	8	59.000000	20.000000
AMK	JEA	9	60.400000	22.700000
AMK	JEA	10	59.000000	24.000000
AMK	JEA	11	57.100000	25.500000
AMK	JEA	12	56.931531	25.961959
AMK	JEA	13	56.763061	26.422112
AMK	JEA	14	56.547226	26.511054
AMK	JEA	15	56.343384	26.441066
AMK	JEA	16	55.837469	26.025658
AMK	JEA	17	55.467372	25.778718
AMK	JEA	18	55.200000	25.600000
AMK	JEA	19	54.990692	25.321684
AMK	JEA	20	55.030000	25.000000
PSD	JEA	0	37.316700	19.400000
PSD	JEA	1	37.496338	19.590844
PSD	JEA	2	38.006929	19.986548
PSD	JEA	3	39.618179	17.395313
PSD	JEA	4	41.638757	14.831289
PSD	JEA	5	42.541058	13.676089
PSD	JEA	6	43.300000	12.700000
PSD	JEA	7	43.746586	12.404390
PSD	JEA	8	45.000000	12.000000
PSD	JEA	9	49.558100	14.143600
PSD	JEA	10	54.200000	16.200000
PSD	JEA	11	56.876033	17.383860
PSD	JEA	12	58.191833	18.742507
PSD	JEA	13	59.000000	20.000000
PSD	JEA	14	60.400000	22.700000
PSD	JEA	15	59.000000	24.000000
PSD	JEA	16	57.100000	25.500000
PSD	JEA	17	56.931531	25.961959
PSD	JEA	18	56.763061	26.422112
PSD	JEA	19	56.547226	26.511054
PSD	JEA	20	56.343384	26.441066
PSD	JEA	21	55.837469	26.025658
PSD	JEA	22	55.467372	25.778718
PSD	JEA	23	55.200000	25.600000
PSD	JEA	24	54.990692	25.321684
PSD	JEA	25	55.030000	25.000000
MOG	MMB	0	45.350000	2.033300
MOG	MMB	1	45.373535	1.966167
MOG	MMB	2	45.852351	1.732747
MOG	MMB	3	43.000000	-1.000000
MOG	MMB	4	40.300000	-4.200000
MOG	MMB	5	39.830933	-4.061536
MOG	MMB	6	39.670000	-4.050000
BEI	MMB	0	34.833300	-19.833300
BEI	MMB	1	34.788208	-19.870060
BEI	MMB	2	35.408936	-20.004322
BEI	MMB	3	38.888900	-17.520500
BEI	MMB	4	41.700000	-15.000000
BEI	MMB	5	41.000000	-10.000000
BEI	MMB	6	40.000000	-6.500000
BEI	MMB	7	40.300000	-4.200000
BEI	MMB	8	39.830933	-4.061536
BEI	MMB	9	39.670000	-4.050000
MPT	CPT	0	32.544700	-25.962800
MPT	CPT	1	32.606049	-25.995081
MPT	CPT	2	32.827148	-25.995081
MPT	CPT	3	32.861481	-25.703413
MPT	CPT	4	33.156738	-25.888879
MPT	CPT	5	32.920532	-28.449374
MPT	CPT	6	32.000000	-30.000000
MPT	CPT	7	28.500000	-33.500000
MPT	CPT	8	26.000000	-34.500000
MPT	CPT	9	22.000000	-35.000000
MPT	CPT	10	18.000000	-35.000000
MPT	CPT	11	18.237305	-33.840764
MPT	CPT	12	18.428192	-33.862433
MPT	CPT	13	18.350000	-33.900000
RBY	DUR	0	32.098300	-28.810000
RBY	DUR	1	32.920532	-28.449374
RBY	DUR	2	31.173706	-29.816817
RBY	DUR	3	31.050000	-29.880000
PEL	CPT	0	25.642500	-33.951900
PEL	CPT	1	25.640717	-33.918292
PEL	CPT	2	25.934206	-33.932046
PEL	CPT	3	26.000000	-34.500000
PEL	CPT	4	22.000000	-35.000000
PEL	CPT	5	18.000000	-35.000000
PEL	CPT	6	18.237305	-33.840764
PEL	CPT	7	18.428192	-33.862433
PEL	CPT	8	18.350000	-33.900000
WVB	CPT	0	14.500000	-22.950000
WVB	CPT	1	14.475861	-22.834415
WVB	CPT	2	13.809440	-22.909209
WVB	CPT	3	14.534912	-26.863281
WVB	CPT	4	18.237305	-33.840764
WVB	CPT	5	18.428192	-33.862433
WVB	CPT	6	18.350000	-33.900000
LUA	CPT	0	13.250000	-8.800000
LUA	CPT	1	13.073730	-8.559294
LUA	CPT	2	12.000000	-9.000000
LUA	CPT	3	11.000000	-15.500000
LUA	CPT	4	11.000000	-19.000000
LUA	CPT	5	13.809440	-22.909209
LUA	CPT	6	14.534912	-26.863281
LUA	CPT	7	18.237305	-33.840764
LUA	CPT	8	18.428192	-33.862433
LUA	CPT	9	18.350000	-33.900000
LBR	LAG	0	9.450000	0.383300
LBR	LAG	1	9.459229	0.258178
LBR	LAG	2	8.613281	0.977736
LBR	LAG	3	7.102661	4.154679
LBR	LAG	4	5.696411	4.034138
LBR	LAG	5	5.008392	5.432820
LBR	LAG	6	3.405762	6.380812
LBR	LAG	7	3.390000	6.450000
CNK	LAG	0	-13.716700	9.516700
CNK	LAG	1	-13.628540	9.443643
CNK	LAG	2	-14.500000	8.500000
CNK	LAG	3	-11.500000	5.500000
CNK	LAG	4	-7.500000	3.500000
CNK	LAG	5	-6.470947	4.538094
CNK	LAG	6	-4.031982	4.866574
CNK	LAG	7	-2.092896	4.439521
CNK	LAG	8	-1.323853	4.729727
CNK	LAG	9	0.016479	5.304297
CNK	LAG	10	1.421637	5.836746
CNK	LAG	11	2.515869	6.075011
CNK	LAG	12	3.405762	6.380812
CNK	LAG	13	3.390000	6.450000
NDB	TNG	0	-17.050000	20.916700
NDB	TNG	1	-18.000000	21.000000
NDB	TNG	2	-13.963623	27.410786
NDB	TNG	3	-12.194387	29.156452
NDB	TNG	4	-10.100000	31.800000
NDB	TNG	5	-8.751058	33.623031
NDB	TNG	6	-7.787500	34.076471
NDB	TNG	7	-7.100000	34.400000
NDB	TNG	8	-5.750000	35.950000
NDB	TNG	9	-5.800000	35.780000
ALG	BCN	0	3.066700	36.766700
ALG	BCN	1	3.115920	36.800164
ALG	BCN	2	3.100000	37.200000
ALG	BCN	3	3.007102	37.413364
ALG	BCN	4	2.975668	37.485558
ALG	BCN	5	2.426923	38.745888
ALG	BCN	6	2.262884	39.122643
ALG	BCN	7	2.218711	39.217636
ALG	BCN	8	2.268112	39.425420
ALG	BCN	9	2.400000	40.000000
ALG	BCN	10	2.423668	40.307678
ALG	BCN	11	2.430604	40.397854
ALG	BCN	12	2.440860	40.531183
ALG	BCN	13	2.451655	40.671520
ALG	BCN	14	2.474432	40.967615
ALG	BCN	15	2.314102	41.176068
ALG	BCN	16	2.209423	41.312166
ALG	BCN	17	2.170000	41.350000
ORN	BCN	0	-0.633300	35.700000
ORN	BCN	1	-0.650837	35.735687
ORN	BCN	2	-0.600000	36.200000
ORN	BCN	3	-0.366667	36.666667
ORN	BCN	4	0.053548	37.507095
ORN	BCN	5	0.128088	37.656176
ORN	BCN	6	0.537844	38.475688
ORN	BCN	7	0.750000	38.900000
ORN	BCN	8	0.768101	38.990113
ORN	BCN	9	0.771660	39.007833
ORN	BCN	10	0.829129	39.293940
ORN	BCN	11	0.856045	39.427938
ORN	BCN	12	0.875240	39.523502
ORN	BCN	13	0.990939	40.099501
ORN	BCN	14	1.036038	40.324025
ORN	BCN	15	1.684202	40.756134
ORN	BCN	16	1.806981	40.837987
ORN	BCN	17	2.314102	41.176068
ORN	BCN	18	2.209423	41.312166
ORN	BCN	19	2.170000	41.350000
ANB	PIR	0	7.766700	36.916700
ANB	PIR	1	7.834073	36.947720
ANB	PIR	2	7.500000	37.400000
ANB	PIR	3	8.147147	37.851498
ANB	PIR	4	8.676736	37.919859
ANB	PIR	5	9.144200	37.980200
ANB	PIR	6	9.780069	38.026727
ANB	PIR	7	10.136119	38.052779
ANB	PIR	8	10.311505	38.065613
ANB	PIR	9	10.445158	38.075392
ANB	PIR	10	11.013127	38.116951
ANB	PIR	11	11.661179	38.164369
ANB	PIR	12	12.099936	38.196473
ANB	PIR	13	12.743535	38.243566
ANB	PIR	14	13.395900	38.291300
ANB	PIR	15	15.727668	38.366322
ANB	PIR	16	15.711882	38.273843
ANB	PIR	17	15.608743	38.230867
ANB	PIR	18	15.557174	38.032185
ANB	PIR	19	15.698200	37.892786
ANB	PIR	20	16.152761	37.900531
ANB	PIR	21	16.419052	37.905068
ANB	PIR	22	18.393028	37.938699
ANB	PIR	23	20.319182	37.971516
ANB	PIR	24	20.680488	37.977089
ANB	PIR	25	20.980350	38.076305
ANB	PIR	26	21.158505	38.131249
ANB	PIR	27	21.353302	38.219841
ANB	PIR	28	21.904100	38.348600
ANB	PIR	29	22.828287	38.024240
ANB	PIR	30	22.947178	37.960508
ANB	PIR	31	23.020113	37.909026
ANB	PIR	32	23.175353	37.880707
ANB	PIR	33	23.401569	37.850922
ANB	PIR	34	23.505426	37.837248
ANB	PIR	35	23.619500	37.917095
ANB	PIR	36	23.640000	37.940000
LGU	PIR	0	10.300000	36.800000
LGU	PIR	1	10.437800	36.867800
LGU	PIR	2	11.036808	37.346633
LGU	PIR	3	11.065591	37.369642
LGU	PIR	4	11.140283	37.429349
LGU	PIR	5	11.151721	37.438492
LGU	PIR	6	11.168828	37.452167
LGU	PIR	7	11.172235	37.454891
LGU	PIR	8	11.402937	37.639308
LGU	PIR	9	11.766288	37.929763
LGU	PIR	10	12.099936	38.196473
LGU	PIR	11	12.743535	38.243566
LGU	PIR	12	13.395900	38.291300
LGU	PIR	13	15.727668	38.366322
LGU	PIR	14	15.711882	38.273843
LGU	PIR	15	15.608743	38.230867
LGU	PIR	16	15.557174	38.032185
LGU	PIR	17	15.698200	37.892786
LGU	PIR	18	16.152761	37.900531
LGU	PIR	19	16.419052	37.905068
LGU	PIR	20	18.393028	37.938699
LGU	PIR	21	20.319182	37.971516
LGU	PIR	22	20.680488	37.977089
LGU	PIR	23	20.980350	38.076305
LGU	PIR	24	21.158505	38.131249
LGU	PIR	25	21.353302	38.219841
LGU	PIR	26	21.904100	38.348600
LGU	PIR	27	22.828287	38.024240
LGU	PIR	28	22.947178	37.960508
LGU	PIR	29	23.020113	37.909026
LGU	PIR	30	23.175353	37.880707
LGU	PIR	31	23.401569	37.850922
LGU	PIR	32	23.505426	37.837248
LGU	PIR	33	23.619500	37.917095
LGU	PIR	34	23.640000	37.940000
MLT	PIR	0	14.516700	35.900000
MLT	PIR	1	14.518707	35.920414
MLT	PIR	2	14.700000	36.000000
MLT	PIR	3	15.116963	36.333570
MLT	PIR	4	15.200000	36.400000
MLT	PIR	5	18.021915	36.356586
MLT	PIR	6	18.123961	36.791622
MLT	PIR	7	18.206446	37.143272
MLT	PIR	8	18.352345	37.206771
MLT	PIR	9	18.500448	37.255774
MLT	PIR	10	20.393124	37.882008
MLT	PIR	11	20.680488	37.977089
MLT	PIR	12	20.980350	38.076305
MLT	PIR	13	21.158505	38.131249
MLT	PIR	14	21.353302	38.219841
MLT	PIR	15	21.904100	38.348600
MLT	PIR	16	22.828287	38.024240
MLT	PIR	17	22.947178	37.960508
MLT	PIR	18	23.020113	37.909026
MLT	PIR	19	23.175353	37.880707
MLT	PIR	20	23.401569	37.850922
MLT	PIR	21	23.505426	37.837248
MLT	PIR	22	23.619500	37.917095
MLT	PIR	23	23.640000	37.940000
TRP	PIR	0	13.183300	32.900000
TRP	PIR	1	13.109436	32.923402
TRP	PIR	2	13.100000	33.200000
TRP	PIR	3	14.539179	33.432595
TRP	PIR	4	15.116189	33.525849
TRP	PIR	5	16.037061	33.674677
TRP	PIR	6	17.446248	33.902424
TRP	PIR	7	19.481653	34.231443
TRP	PIR	8	20.646971	34.773058
TRP	PIR	9	21.407365	35.126694
TRP	PIR	10	21.778070	35.299098
TRP	PIR	11	22.340682	35.560752
TRP	PIR	12	22.786664	35.768164
TRP	PIR	13	22.866114	35.805114
TRP	PIR	14	23.449324	36.076321
TRP	PIR	15	23.600000	36.500000
TRP	PIR	16	23.636710	37.639465
TRP	PIR	17	23.642500	37.819200
TRP	PIR	18	23.619500	37.917095
TRP	PIR	19	23.640000	37.940000
HFA	ALX	0	35.000000	32.816700
HFA	ALX	1	35.026558	32.846664
HFA	ALX	2	34.800000	33.000000
HFA	ALX	3	33.899796	33.160068
HFA	ALX	4	33.138181	32.542215
HFA	ALX	5	32.886029	32.337658
HFA	ALX	6	32.100000	31.700000
HFA	ALX	7	30.072508	31.744076
HFA	ALX	8	29.754500	31.202500
HFA	ALX	9	29.880000	31.200000
MRS	PIR	0	34.633300	36.800000
MRS	PIR	1	34.662503	36.755307
MRS	PIR	2	34.317888	36.385728
MRS	PIR	3	33.884210	36.192982
MRS	PIR	4	33.806958	36.158648
MRS	PIR	5	33.000000	35.800000
MRS	PIR	6	31.539347	35.897377
MRS	PIR	7	30.905089	35.939661
MRS	PIR	8	30.000000	36.000000
MRS	PIR	9	29.547729	36.107924
MRS	PIR	10	28.300000	36.600000
MRS	PIR	11	28.008502	36.494001
MRS	PIR	12	27.871663	36.488590
MRS	PIR	13	27.401862	36.520229
MRS	PIR	14	27.002784	36.547109
MRS	PIR	15	26.218853	36.963090
MRS	PIR	16	25.525085	37.251137
MRS	PIR	17	25.145718	37.292709
MRS	PIR	18	25.145682	37.292713
MRS	PIR	19	25.015863	37.330313
MRS	PIR	20	24.959738	37.346569
MRS	PIR	21	24.490983	37.482776
MRS	PIR	22	24.376582	37.512828
MRS	PIR	23	24.258273	37.506792
MRS	PIR	24	24.157800	37.570300
MRS	PIR	25	24.063647	37.621498
MRS	PIR	26	23.888901	37.615875
MRS	PIR	27	23.885914	37.616154
MRS	PIR	28	23.642500	37.819200
MRS	PIR	29	23.619500	37.917095
MRS	PIR	30	23.640000	37.940000
IZM	PIR	0	27.133300	38.433300
IZM	PIR	1	27.153261	38.449351
IZM	PIR	2	26.993077	38.415129
IZM	PIR	3	26.903277	38.405620
IZM	PIR	4	26.825612	38.456953
IZM	PIR	5	26.677562	38.603147
IZM	PIR	6	26.531940	38.694131
IZM	PIR	7	26.289642	38.787125
IZM	PIR	8	26.157985	38.716479
IZM	PIR	9	25.753004	38.636582
IZM	PIR	10	25.432437	38.327161
IZM	PIR	11	24.686300	38.074100
IZM	PIR	12	24.612093	37.988022
IZM	PIR	13	24.537948	37.902017
IZM	PIR	14	24.520041	37.906730
IZM	PIR	15	24.372282	37.856919
IZM	PIR	16	24.114615	37.769372
IZM	PIR	17	24.083063	37.715634
IZM	PIR	18	24.063647	37.621498
IZM	PIR	19	23.888901	37.615875
IZM	PIR	20	23.885914	37.616154
IZM	PIR	21	23.642500	37.819200
IZM	PIR	22	23.619500	37.917095
IZM	PIR	23	23.640000	37.940000
RJK	CIV	0	14.433300	45.333300
RJK	CIV	1	14.416188	45.302239
RJK	CIV	2	14.280275	45.144968
RJK	CIV	3	14.217172	45.022270
RJK	CIV	4	14.000000	44.600000
RJK	CIV	5	14.188601	44.458549
RJK	CIV	6	14.800000	44.000000
RJK	CIV	7	15.038754	43.801038
RJK	CIV	8	15.362021	43.531649
RJK	CIV	9	15.940817	43.049319
RJK	CIV	10	16.035233	43.000630
RJK	CIV	11	16.054971	42.929323
RJK	CIV	12	16.735312	42.058803
RJK	CIV	13	16.899521	41.867226
RJK	CIV	14	17.153728	41.570651
RJK	CIV	15	17.300000	41.400000
RJK	CIV	16	17.328372	41.376948
RJK	CIV	17	17.553035	41.194409
RJK	CIV	18	18.104545	40.746307
RJK	CIV	19	18.184433	40.681398
RJK	CIV	20	18.900000	40.100000
RJK	CIV	21	18.520626	39.762779
RJK	CIV	22	18.000000	39.300000
RJK	CIV	23	17.258567	38.777835
RJK	CIV	24	16.152761	37.900531
RJK	CIV	25	15.698200	37.892786
RJK	CIV	26	15.557174	38.032185
RJK	CIV	27	15.608743	38.230867
RJK	CIV	28	15.711882	38.273843
RJK	CIV	29	15.727668	38.366322
RJK	CIV	30	15.400000	38.800000
RJK	CIV	31	14.145004	39.572698
RJK	CIV	32	13.827598	39.768124
RJK	CIV	33	13.227763	40.137441
RJK	CIV	34	13.022170	40.264024
RJK	CIV	35	12.360453	40.671442
RJK	CIV	36	12.249699	40.926028
RJK	CIV	37	12.000000	41.500000
RJK	CIV	38	11.715000	42.113800
RJK	CIV	39	11.790000	42.100000
KOP	CIV	0	13.733300	45.550000
KOP	CIV	1	13.723270	45.553476
KOP	CIV	2	13.581289	45.629054
KOP	CIV	3	13.100000	45.300000
KOP	CIV	4	13.276050	45.082758
KOP	CIV	5	13.500423	44.805888
KOP	CIV	6	13.612219	44.667934
KOP	CIV	7	13.882241	44.334734
KOP	CIV	8	14.281073	43.956756
KOP	CIV	9	14.522978	43.727500
KOP	CIV	10	14.612892	43.647194
KOP	CIV	11	14.664010	43.601537
KOP	CIV	12	15.396206	42.947575
KOP	CIV	13	15.508470	42.847306
KOP	CIV	14	15.867555	42.526589
KOP	CIV	15	16.759944	41.824743
KOP	CIV	16	17.126307	41.536606
KOP	CIV	17	17.300000	41.400000
KOP	CIV	18	17.328372	41.376948
KOP	CIV	19	17.553035	41.194409
KOP	CIV	20	18.104545	40.746307
KOP	CIV	21	18.184433	40.681398
KOP	CIV	22	18.900000	40.100000
KOP	CIV	23	18.520626	39.762779
KOP	CIV	24	18.000000	39.300000
KOP	CIV	25	17.258567	38.777835
KOP	CIV	26	16.152761	37.900531
KOP	CIV	27	15.698200	37.892786
KOP	CIV	28	15.557174	38.032185
KOP	CIV	29	15.608743	38.230867
KOP	CIV	30	15.711882	38.273843
KOP	CIV	31	15.727668	38.366322
KOP	CIV	32	15.400000	38.800000
KOP	CIV	33	14.145004	39.572698
KOP	CIV	34	13.827598	39.768124
KOP	CIV	35	13.227763	40.137441
KOP	CIV	36	13.022170	40.264024
KOP	CIV	37	12.360453	40.671442
KOP	CIV	38	12.249699	40.926028
KOP	CIV	39	12.000000	41.500000
KOP	CIV	40	11.715000	42.113800
KOP	CIV	41	11.790000	42.100000
MSE	BCN	0	5.366700	43.316700
MSE	BCN	1	5.314100	43.322400
MSE	BCN	2	5.212500	43.186400
MSE	BCN	3	5.039400	43.144300
MSE	BCN	4	5.000000	43.000000
MSE	BCN	5	4.356591	42.541967
MSE	BCN	6	3.310400	41.797200
MSE	BCN	7	2.500000	41.300000
MSE	BCN	8	2.209423	41.312166
MSE	BCN	9	2.170000	41.350000
SIN	RTM	0	-8.866700	37.950000
SIN	RTM	1	-8.921500	37.954200
SIN	RTM	2	-9.059558	38.107188
SIN	RTM	3	-9.284000	38.355900
SIN	RTM	4	-9.600000	38.500000
SIN	RTM	5	-9.984400	40.779800
SIN	RTM	6	-9.500000	43.000000
SIN	RTM	7	-9.142640	43.688493
SIN	RTM	8	-9.019938	43.924891
SIN	RTM	9	-8.495760	44.934776
SIN	RTM	10	-7.954994	45.668797
SIN	RTM	11	-6.698867	47.340067
SIN	RTM	12	-5.500000	48.666700
SIN	RTM	13	-5.064010	48.799916
SIN	RTM	14	-4.270518	49.042365
SIN	RTM	15	-4.030414	49.115729
SIN	RTM	16	-3.986163	49.129249
SIN	RTM	17	-3.197043	49.370363
SIN	RTM	18	-2.391890	49.616376
SIN	RTM	19	-1.992006	49.738559
SIN	RTM	20	-1.933650	49.756390
SIN	RTM	21	-1.665743	49.838248
SIN	RTM	22	-1.479770	49.895072
SIN	RTM	23	-1.300000	49.950000
SIN	RTM	24	-0.671539	50.155459
SIN	RTM	25	-0.545959	50.196513
SIN	RTM	26	-0.343359	50.262748
SIN	RTM	27	0.392880	50.503441
SIN	RTM	28	1.193894	50.765311
SIN	RTM	29	1.300000	50.800000
SIN	RTM	30	1.441366	50.849032
SIN	RTM	31	1.567687	50.892845
SIN	RTM	32	1.813195	50.988387
SIN	RTM	33	2.100000	51.100000
SIN	RTM	34	2.356699	51.178984
SIN	RTM	35	3.400000	51.500000
SIN	RTM	36	3.559619	51.659619
SIN	RTM	37	3.900000	52.000000
SIN	RTM	38	4.069748	51.987629
SIN	RTM	39	4.000000	51.950000
DUB	RTM	0	-6.250000	53.350000
DUB	RTM	1	-6.118943	53.322117
DUB	RTM	2	-5.733548	52.917129
DUB	RTM	3	-5.742388	52.779797
DUB	RTM	4	-5.781725	52.168670
DUB	RTM	5	-5.900000	51.250000
DUB	RTM	6	-5.871400	50.409600
DUB	RTM	7	-5.783648	49.997799
DUB	RTM	8	-5.611439	49.881674
DUB	RTM	9	-5.196944	49.937831
DUB	RTM	10	-4.115519	50.084349
DUB	RTM	11	-4.000000	50.100000
DUB	RTM	12	-2.624015	50.023556
DUB	RTM	13	-2.270882	50.112738
DUB	RTM	14	-2.100162	50.138244
DUB	RTM	15	-1.755087	50.189798
DUB	RTM	16	-1.577583	50.216317
DUB	RTM	17	-1.251907	50.264973
DUB	RTM	18	-0.764460	50.337798
DUB	RTM	19	-0.764313	50.337510
DUB	RTM	20	-0.672505	50.358079
DUB	RTM	21	-0.505582	50.395477
DUB	RTM	22	0.301537	50.576304
DUB	RTM	23	1.149895	50.766370
DUB	RTM	24	1.300000	50.800000
DUB	RTM	25	1.441366	50.849032
DUB	RTM	26	1.567687	50.892845
DUB	RTM	27	1.813195	50.988387
DUB	RTM	28	2.100000	51.100000
DUB	RTM	29	2.356699	51.178984
DUB	RTM	30	3.400000	51.500000
DUB	RTM	31	3.559619	51.659619
DUB	RTM	32	3.900000	52.000000
DUB	RTM	33	4.069748	51.987629
DUB	RTM	34	4.000000	51.950000
GDN	RTM	0	18.666700	54.350000
GDN	RTM	1	19.105225	54.489187
GDN	RTM	2	19.000000	55.000000
GDN	RTM	3	15.033417	54.927931
GDN	RTM	4	14.638863	55.096643
GDN	RTM	5	14.374661	55.229033
GDN	RTM	6	13.836081	55.240216
GDN	RTM	7	13.229812	55.252805
GDN	RTM	8	12.974851	55.258099
GDN	RTM	9	12.682550	55.305583
GDN	RTM	10	12.700195	55.514637
GDN	RTM	11	12.750000	55.900000
GDN	RTM	12	12.629725	56.063887
GDN	RTM	13	12.409121	56.337379
GDN	RTM	14	12.409118	56.337382
GDN	RTM	15	11.988567	56.905254
GDN	RTM	16	11.400000	57.700000
GDN	RTM	17	10.733300	57.800000
GDN	RTM	18	9.952745	57.599859
GDN	RTM	19	8.935400	57.406000
GDN	RTM	20	7.983627	56.821663
GDN	RTM	21	7.737900	56.670800
GDN	RTM	22	6.837383	55.808317
GDN	RTM	23	6.475957	55.462156
GDN	RTM	24	5.795345	54.764853
GDN	RTM	25	5.343228	54.126148
GDN	RTM	26	4.900000	53.500000
GDN	RTM	27	4.308389	52.513982
GDN	RTM	28	3.900000	52.000000
GDN	RTM	29	4.069748	51.987629
GDN	RTM	30	4.000000	51.950000
RIG	RTM	0	24.100000	56.950000
RIG	RTM	1	23.994141	57.112385
RIG	RTM	2	22.659302	57.876896
RIG	RTM	3	21.604614	57.707082
RIG	RTM	4	20.343527	57.308530
RIG	RTM	5	18.118532	56.645032
RIG	RTM	6	17.000000	56.400000
RIG	RTM	7	16.209967	55.954553
RIG	RTM	8	15.806580	55.727110
RIG	RTM	9	14.374661	55.229033
RIG	RTM	10	13.836081	55.240216
RIG	RTM	11	13.229812	55.252805
RIG	RTM	12	12.974851	55.258099
RIG	RTM	13	12.682550	55.305583
RIG	RTM	14	12.700195	55.514637
RIG	RTM	15	12.750000	55.900000
RIG	RTM	16	12.629725	56.063887
RIG	RTM	17	12.409121	56.337379
RIG	RTM	18	12.409118	56.337382
RIG	RTM	19	11.988567	56.905254
RIG	RTM	20	11.400000	57.700000
RIG	RTM	21	10.733300	57.800000
RIG	RTM	22	9.952745	57.599859
RIG	RTM	23	8.935400	57.406000
RIG	RTM	24	7.983627	56.821663
RIG	RTM	25	7.737900	56.670800
RIG	RTM	26	6.837383	55.808317
RIG	RTM	27	6.475957	55.462156
RIG	RTM	28	5.795345	54.764853
RIG	RTM	29	5.343228	54.126148
RIG	RTM	30	4.900000	53.500000
RIG	RTM	31	4.308389	52.513982
RIG	RTM	32	3.900000	52.000000
RIG	RTM	33	4.069748	51.987629
RIG	RTM	34	4.000000	51.950000
STO	RTM	0	18.050000	59.333300
STO	RTM	1	18.269577	59.376589
STO	RTM	2	18.439178	59.349296
STO	RTM	3	18.454971	59.425871
STO	RTM	4	18.725510	59.372741
STO	RTM	5	18.786621	59.317776
STO	RTM	6	19.031754	59.265179
STO	RTM	7	19.404602	59.278511
STO	RTM	8	19.619910	58.977031
STO	RTM	9	18.828244	58.351865
STO	RTM	10	18.360874	57.982790
STO	RTM	11	17.703696	57.399026
STO	RTM	12	17.702685	57.398128
STO	RTM	13	17.000000	56.400000
STO	RTM	14	16.209967	55.954553
STO	RTM	15	15.806580	55.727110
STO	RTM	16	14.374661	55.229033
STO	RTM	17	13.836081	55.240216
STO	RTM	18	13.229812	55.252805
STO	RTM	19	12.974851	55.258099
STO	RTM	20	12.682550	55.305583
STO	RTM	21	12.700195	55.514637
STO	RTM	22	12.750000	55.900000
STO	RTM	23	12.629725	56.063887
STO	RTM	24	12.409121	56.337379
STO	RTM	25	12.409118	56.337382
STO	RTM	26	11.988567	56.905254
STO	RTM	27	11.400000	57.700000
STO	RTM	28	10.733300	57.800000
STO	RTM	29	9.952745	57.599859
STO	RTM	30	8.935400	57.406000
STO	RTM	31	7.983627	56.821663
STO	RTM	32	7.737900	56.670800
STO	RTM	33	6.837383	55.808317
STO	RTM	34	6.475957	55.462156
STO	RTM	35	5.795345	54.764853
STO	RTM	36	5.343228	54.126148
STO	RTM	37	4.900000	53.500000
STO	RTM	38	4.308389	52.513982
STO	RTM	39	3.900000	52.000000
STO	RTM	40	4.069748	51.987629
STO	RTM	41	4.000000	51.950000
HLX	RTM	0	-63.583300	44.650000
HLX	RTM	1	-63.562088	44.655955
HLX	RTM	2	-63.487930	44.535185
HLX	RTM	3	-62.183924	44.501586
HLX	RTM	4	-55.000000	45.000000
HLX	RTM	5	-50.002066	46.558558
HLX	RTM	6	-49.664900	46.663700
HLX	RTM	7	-47.121001	47.295370
HLX	RTM	8	-44.020700	48.065200
HLX	RTM	9	-41.658626	48.508366
HLX	RTM	10	-40.000709	48.819419
HLX	RTM	11	-38.952623	49.016058
HLX	RTM	12	-38.096400	49.176700
HLX	RTM	13	-31.941100	49.973600
HLX	RTM	14	-31.580914	50.000000
HLX	RTM	15	-30.170671	50.103364
HLX	RTM	16	-30.103901	50.108258
HLX	RTM	17	-30.000100	50.115866
HLX	RTM	18	-29.894016	50.123642
HLX	RTM	19	-25.624200	50.436600
HLX	RTM	20	-20.509014	50.530446
HLX	RTM	21	-20.000464	50.539776
HLX	RTM	22	-19.529903	50.548409
HLX	RTM	23	-19.230600	50.553900
HLX	RTM	24	-16.723130	50.463036
HLX	RTM	25	-15.602269	50.422419
HLX	RTM	26	-12.853200	50.322800
HLX	RTM	27	-11.780343	50.224787
HLX	RTM	28	-10.709054	50.126917
HLX	RTM	29	-6.693996	49.760113
HLX	RTM	30	-6.583300	49.750000
HLX	RTM	31	-5.979701	49.782237
HLX	RTM	32	-5.740436	49.795016
HLX	RTM	33	-5.630965	49.800862
HLX	RTM	34	-5.491611	49.808305
HLX	RTM	35	-4.868405	49.841589
HLX	RTM	36	-4.088283	49.883253
HLX	RTM	37	-2.935860	49.944802
HLX	RTM	38	-2.624015	50.023556
HLX	RTM	39	-2.270882	50.112738
HLX	RTM	40	-2.100162	50.138244
HLX	RTM	41	-1.755087	50.189798
HLX	RTM	42	-1.577583	50.216317
HLX	RTM	43	-1.251907	50.264973
HLX	RTM	44	-0.764460	50.337798
HLX	RTM	45	-0.764313	50.337510
HLX	RTM	46	-0.672505	50.358079
HLX	RTM	47	-0.505582	50.395477
HLX	RTM	48	0.301537	50.576304
HLX	RTM	49	1.149895	50.766370
HLX	RTM	50	1.300000	50.800000
HLX	RTM	51	1.441366	50.849032
HLX	RTM	52	1.567687	50.892845
HLX	RTM	53	1.813195	50.988387
HLX	RTM	54	2.100000	51.100000
HLX	RTM	55	2.356699	51.178984
HLX	RTM	56	3.400000	51.500000
HLX	RTM	57	3.559619	51.659619
HLX	RTM	58	3.900000	52.000000
HLX	RTM	59	4.069748	51.987629
HLX	RTM	60	4.000000	51.950000
MTL	HLX	0	-73.550000	45.516700
MTL	HLX	1	-73.535614	45.509613
MTL	HLX	2	-73.488373	45.617586
MTL	HLX	3	-73.373291	45.793129
MTL	HLX	4	-73.211243	45.906207
MTL	HLX	5	-73.164276	46.038911
MTL	HLX	6	-73.040098	46.061274
MTL	HLX	7	-72.806396	46.217852
MTL	HLX	8	-72.281799	46.432117
MTL	HLX	9	-72.194183	46.547282
MTL	HLX	10	-71.890961	46.672032
MTL	HLX	11	-71.683869	46.652012
MTL	HLX	12	-71.356447	46.738916
MTL	HLX	13	-71.234802	46.766198
MTL	HLX	14	-71.183098	46.837089
MTL	HLX	15	-71.040413	46.841121
MTL	HLX	16	-70.922241	46.893985
MTL	HLX	17	-69.625854	47.820539
MTL	HLX	18	-68.729700	48.702700
MTL	HLX	19	-66.890259	49.292889
MTL	HLX	20	-65.638916	49.511125
MTL	HLX	21	-63.354700	48.928400
MTL	HLX	22	-60.200000	47.750000
MTL	HLX	23	-59.300000	46.100000
MTL	HLX	24	-60.217300	45.283500
MTL	HLX	25	-62.183924	44.501586
MTL	HLX	26	-63.487930	44.535185
MTL	HLX	27	-63.562088	44.655955
MTL	HLX	28	-63.583300	44.650000
BOS	HLX	0	-71.050000	42.350000
BOS	HLX	1	-71.040001	42.355753
BOS	HLX	2	-70.993309	42.338753
BOS	HLX	3	-70.692500	42.354200
BOS	HLX	4	-70.260900	42.236900
BOS	HLX	5	-70.118300	42.194700
BOS	HLX	6	-69.893600	42.132200
BOS	HLX	7	-69.700900	41.848000
BOS	HLX	8	-69.527500	41.591700
BOS	HLX	9	-69.250000	41.800000
BOS	HLX	10	-68.370500	42.119818
BOS	HLX	11	-65.400000	43.200000
BOS	HLX	12	-63.533936	44.288469
BOS	HLX	13	-63.487930	44.535185
BOS	HLX	14	-63.562088	44.655955
BOS	HLX	15	-63.583300	44.650000
BAL	MIA	0	-76.583300	39.266700
BAL	MIA	1	-76.577797	39.255917
BAL	MIA	2	-76.519775	39.202728
BAL	MIA	3	-76.364594	39.154557
BAL	MIA	4	-76.429200	38.538400
BAL	MIA	5	-76.339400	38.379200
BAL	MIA	6	-76.331800	38.339100
BAL	MIA	7	-76.259700	38.095800
BAL	MIA	8	-76.151400	37.880500
BAL	MIA	9	-76.183600	37.781700
BAL	MIA	10	-76.152500	37.466100
BAL	MIA	11	-76.137400	37.361700
BAL	MIA	12	-76.112400	37.294000
BAL	MIA	13	-76.154200	37.186700
BAL	MIA	14	-76.149600	37.147200
BAL	MIA	15	-76.008500	36.958500
BAL	MIA	16	-75.959900	36.948500
BAL	MIA	17	-75.806700	36.846800
BAL	MIA	18	-75.744700	36.809000
BAL	MIA	19	-75.337200	36.631100
BAL	MIA	20	-75.073700	35.814400
BAL	MIA	21	-75.100000	35.600000
BAL	MIA	22	-75.377113	35.085112
BAL	MIA	23	-76.310708	33.350453
BAL	MIA	24	-76.970040	32.125387
BAL	MIA	25	-77.020719	32.031224
BAL	MIA	26	-77.322242	31.470982
BAL	MIA	27	-77.563400	31.022900
BAL	MIA	28	-77.655752	30.799211
BAL	MIA	29	-77.838263	30.357149
BAL	MIA	30	-78.070959	29.793532
BAL	MIA	31	-78.434166	28.986608
BAL	MIA	32	-78.769850	28.357151
BAL	MIA	33	-78.899685	28.163922
BAL	MIA	34	-79.321100	27.449100
BAL	MIA	35	-79.332800	26.737200
BAL	MIA	36	-79.938600	25.980500
BAL	MIA	37	-79.954500	25.792100
BAL	MIA	38	-79.956700	25.760800
BAL	MIA	39	-80.140000	25.770000
NOL	HOU	0	-90.050000	29.950000
NOL	HOU	1	-90.029526	29.955827
NOL	HOU	2	-89.961900	29.922700
NOL	HOU	3	-89.928417	29.923399
NOL	HOU	4	-89.901981	29.895425
NOL	HOU	5	-89.914169	29.862232
NOL	HOU	6	-89.969273	29.882179
NOL	HOU	7	-90.024719	29.766762
NOL	HOU	8	-89.956741	29.648675
NOL	HOU	9	-89.793300	29.571300
NOL	HOU	10	-89.667600	29.464300
NOL	HOU	11	-89.603462	29.448866
NOL	HOU	12	-89.601900	29.399300
NOL	HOU	13	-89.566300	29.372600
NOL	HOU	14	-89.484800	29.342600
NOL	HOU	15	-89.454100	29.364500
NOL	HOU	16	-89.405400	29.344300
NOL	HOU	17	-89.355800	29.286600
NOL	HOU	18	-89.346800	29.274900
NOL	HOU	19	-89.302900	29.238000
NOL	HOU	20	-89.254900	29.160400
NOL	HOU	21	-89.285500	29.082100
NOL	HOU	22	-89.388900	28.961400
NOL	HOU	23	-89.431700	28.904800
NOL	HOU	24	-89.432800	28.813700
NOL	HOU	25	-90.226900	29.082900
NOL	HOU	26	-90.584352	28.866036
NOL	HOU	27	-91.297464	28.432043
NOL	HOU	28	-91.548301	28.584797
NOL	HOU	29	-91.858805	28.686428
NOL	HOU	30	-92.151777	28.782322
NOL	HOU	31	-92.411602	28.867366
NOL	HOU	32	-93.214000	29.130000
NOL	HOU	33	-93.668500	29.132100
NOL	HOU	34	-94.377900	29.147900
NOL	HOU	35	-94.625100	29.306800
NOL	HOU	36	-94.687800	29.337900
NOL	HOU	37	-94.769600	29.342300
NOL	HOU	38	-94.802100	29.367500
NOL	HOU	39	-94.869900	29.499600
NOL	HOU	40	-94.952300	29.606500
NOL	HOU	41	-94.982300	29.683500
NOL	HOU	42	-95.001354	29.700952
NOL	HOU	43	-95.045471	29.708630
NOL	HOU	44	-95.020000	29.730000
ACA	LAP	0	-99.933300	16.850000
ACA	LAP	1	-99.900000	16.500000
ACA	LAP	2	-103.403320	17.983958
ACA	LAP	3	-106.489938	20.102998
ACA	LAP	4	-109.700000	22.500000
ACA	LAP	5	-112.510986	24.716895
ACA	LAP	6	-115.200000	27.500000
ACA	LAP	7	-117.300000	32.700000
ACA	LAP	8	-117.435608	33.167445
ACA	LAP	9	-118.121500	33.627600
ACA	LAP	10	-118.194489	33.703898
ACA	LAP	11	-118.250000	33.720000
BLB	MIA	0	-79.566700	8.950000
BLB	MIA	1	-79.585922	8.992656
BLB	MIA	2	-79.641747	9.035982
BLB	MIA	3	-79.689331	9.106390
BLB	MIA	4	-79.741379	9.118236
BLB	MIA	5	-79.803246	9.118307
BLB	MIA	6	-79.821304	9.173012
BLB	MIA	7	-79.900612	9.208176
BLB	MIA	8	-80.000000	9.750000
BLB	MIA	9	-77.638723	13.975975
BLB	MIA	10	-77.163290	14.773087
BLB	MIA	11	-76.604059	15.754186
BLB	MIA	12	-75.900579	16.958398
BLB	MIA	13	-75.408284	17.801104
BLB	MIA	14	-75.000000	18.500000
BLB	MIA	15	-74.696227	18.915600
BLB	MIA	16	-73.900000	20.000000
BLB	MIA	17	-73.898851	20.346136
BLB	MIA	18	-75.200000	21.500000
BLB	MIA	19	-75.703573	22.244412
BLB	MIA	20	-77.500000	24.900000
BLB	MIA	21	-77.903071	25.334542
BLB	MIA	22	-78.921280	25.397091
BLB	MIA	23	-79.815000	25.790300
BLB	MIA	24	-79.954500	25.792100
BLB	MIA	25	-79.956700	25.760800
BLB	MIA	26	-80.140000	25.770000
CLL	SAN	0	-77.150000	-12.050000
CLL	SAN	1	-77.700000	-12.000000
CLL	SAN	2	-77.000000	-13.700000
CLL	SAN	3	-75.293487	-20.160370
CLL	SAN	4	-74.650508	-24.562506
CLL	SAN	5	-74.725584	-27.470884
CLL	SAN	6	-74.205197	-32.219927
CLL	SAN	7	-73.520446	-34.438525
CLL	SAN	8	-73.778859	-36.656922
CLL	SAN	9	-75.000000	-41.300000
CLL	SAN	10	-75.428958	-43.192207
CLL	SAN	11	-75.613403	-44.374913
CLL	SAN	12	-76.500000	-46.500100
CLL	SAN	13	-75.966507	-48.912099
CLL	SAN	14	-75.860500	-51.434400
CLL	SAN	15	-75.454102	-52.099757
CLL	SAN	16	-75.101482	-52.587619
CLL	SAN	17	-74.701538	-52.659726
CLL	SAN	18	-73.443604	-53.090725
CLL	SAN	19	-73.262329	-53.252069
CLL	SAN	20	-72.586670	-53.550099
CLL	SAN	21	-72.372437	-53.553363
CLL	SAN	22	-72.155457	-53.695080
CLL	SAN	23	-71.048584	-54.014225
CLL	SAN	24	-70.677795	-53.386605
CLL	SAN	25	-70.450000	-52.750100
CLL	SAN	26	-69.175415	-52.362183
CLL	SAN	27	-68.553423	-52.479327
CLL	SAN	28	-68.000000	-52.400000
CLL	SAN	29	-63.190900	-49.204000
CLL	SAN	30	-60.386318	-46.958390
CLL	SAN	31	-58.978800	-45.831400
CLL	SAN	32	-57.097244	-43.796846
CLL	SAN	33	-55.255700	-42.320000
CLL	SAN	34	-53.019664	-39.884907
CLL	SAN	35	-51.930700	-38.699000
CLL	SAN	36	-51.625290	-38.321711
CLL	SAN	37	-49.777768	-36.039374
CLL	SAN	38	-49.736120	-35.297112
CLL	SAN	39	-49.733600	-35.252200
CLL	SAN	40	-49.588329	-32.296896
CLL	SAN	41	-49.574001	-32.005427
CLL	SAN	42	-49.500000	-30.500000
CLL	SAN	43	-47.900000	-27.800000
CLL	SAN	44	-48.289032	-26.181321
CLL	SAN	45	-48.128357	-25.710837
CLL	SAN	46	-46.300000	-24.300000
CLL	SAN	47	-46.347885	-23.981547
CLL	SAN	48	-46.300000	-24.000000
VLP	SAN	0	-71.616700	-33.033300
VLP	SAN	1	-72.000000	-33.000000
VLP	SAN	2	-73.108521	-36.071302
VLP	SAN	3	-73.778859	-36.656922
VLP	SAN	4	-75.000000	-41.300000
VLP	SAN	5	-75.428958	-43.192207
VLP	SAN	6	-75.613403	-44.374913
VLP	SAN	7	-76.500000	-46.500100
VLP	SAN	8	-75.966507	-48.912099
VLP	SAN	9	-75.860500	-51.434400
VLP	SAN	10	-75.454102	-52.099757
VLP	SAN	11	-75.101482	-52.587619
VLP	SAN	12	-74.701538	-52.659726
VLP	SAN	13	-73.443604	-53.090725
VLP	SAN	14	-73.262329	-53.252069
VLP	SAN	15	-72.586670	-53.550099
VLP	SAN	16	-72.372437	-53.553363
VLP	SAN	17	-72.155457	-53.695080
VLP	SAN	18	-71.048584	-54.014225
VLP	SAN	19	-70.677795	-53.386605
VLP	SAN	20	-70.450000	-52.750100
VLP	SAN	21	-69.175415	-52.362183
VLP	SAN	22	-68.553423	-52.479327
VLP	SAN	23	-68.000000	-52.400000
VLP	SAN	24	-63.190900	-49.204000
VLP	SAN	25	-60.386318	-46.958390
VLP	SAN	26	-58.978800	-45.831400
VLP	SAN	27	-57.097244	-43.796846
VLP	SAN	28	-55.255700	-42.320000
VLP	SAN	29	-53.019664	-39.884907
VLP	SAN	30	-51.930700	-38.699000
VLP	SAN	31	-51.625290	-38.321711
VLP	SAN	32	-49.777768	-36.039374
VLP	SAN	33	-49.736120	-35.297112
VLP	SAN	34	-49.733600	-35.252200
VLP	SAN	35	-49.588329	-32.296896
VLP	SAN	36	-49.574001	-32.005427
VLP	SAN	37	-49.500000	-30.500000
VLP	SAN	38	-47.900000	-27.800000
VLP	SAN	39	-48.289032	-26.181321
VLP	SAN	40	-48.128357	-25.710837
VLP	SAN	41	-46.300000	-24.300000
VLP	SAN	42	-46.347885	-23.981547
VLP	SAN	43	-46.300000	-24.000000
LPT	BUE	0	-57.883300	-34.833300
LPT	BUE	1	-58.470612	-34.325292
LPT	BUE	2	-58.360000	-34.580000
MVD	BUE	0	-56.216700	-34.900000
MVD	BUE	1	-56.500000	-35.100000
MVD	BUE	2	-58.470612	-34.325292
MVD	BUE	3	-58.360000	-34.580000
RIO	SAN	0	-43.166700	-22.900000
RIO	SAN	1	-43.143311	-22.930571
RIO	SAN	2	-43.088379	-23.195912
RIO	SAN	3	-44.631958	-23.920992
RIO	SAN	4	-46.300000	-24.300000
RIO	SAN	5	-46.347885	-23.981547
RIO	SAN	6	-46.300000	-24.000000
SLV	SAN	0	-38.516700	-12.966700
SLV	SAN	1	-38.529053	-12.876070
SLV	SAN	2	-38.578491	-13.202513
SLV	SAN	3	-37.820200	-16.507100
SLV	SAN	4	-39.500000	-20.000000
SLV	SAN	5	-41.300000	-23.500000
SLV	SAN	6	-43.088379	-23.195912
SLV	SAN	7	-44.631958	-23.920992
SLV	SAN	8	-46.300000	-24.300000
SLV	SAN	9	-46.347885	-23.981547
SLV	SAN	10	-46.300000	-24.000000
BEL	LAG	0	-48.500000	-1.450000
BEL	LAG	1	-48.795776	-1.504954
BEL	LAG	2	-48.400269	-0.977736
BEL	LAG	3	-48.000000	-0.000010
BEL	LAG	4	-44.000000	-0.000020
BEL	LAG	5	-43.123942	-0.000020
BEL	LAG	6	-42.923920	-0.000020
BEL	LAG	7	-42.582168	-0.000020
BEL	LAG	8	-40.000000	-0.000020
BEL	LAG	9	-38.149857	-0.000020
BEL	LAG	10	-38.138297	-0.000020
BEL	LAG	11	-35.000000	-0.000020
BEL	LAG	12	-31.738431	-0.000013
BEL	LAG	13	-31.299233	-0.000013
BEL	LAG	14	-30.000000	-0.000010
BEL	LAG	15	-28.143081	-0.000014
BEL	LAG	16	-23.960846	-0.000020
BEL	LAG	17	-20.000000	-0.000020
BEL	LAG	18	-10.000000	-0.000020
BEL	LAG	19	-7.500000	3.500000
BEL	LAG	20	-6.470947	4.538094
BEL	LAG	21	-4.031982	4.866574
BEL	LAG	22	-2.092896	4.439521
BEL	LAG	23	-1.323853	4.729727
BEL	LAG	24	0.016479	5.304297
BEL	LAG	25	1.421637	5.836746
BEL	LAG	26	2.515869	6.075011
BEL	LAG	27	3.405762	6.380812
BEL	LAG	28	3.390000	6.450000
PAR	MIA	0	-55.166700	5.833300
PAR	MIA	1	-55.144500	6.054900
PAR	MIA	2	-55.400000	6.100000
PAR	MIA	3	-57.900000	7.000000
PAR	MIA	4	-58.881486	8.271094
PAR	MIA	5	-61.000000	11.000000
PAR	MIA	6	-61.900000	12.000000
PAR	MIA	7	-64.891490	15.306171
PAR	MIA	8	-66.372586	17.013056
PAR	MIA	9	-66.600000	17.300000
PAR	MIA	10	-67.255752	17.883904
PAR	MIA	11	-67.950000	18.500000
PAR	MIA	12	-68.900000	19.750000
PAR	MIA	13	-71.704658	20.816848
PAR	MIA	14	-72.781677	21.711025
PAR	MIA	15	-73.557010	21.779812
PAR	MIA	16	-73.775799	21.799217
PAR	MIA	17	-74.319508	21.844485
PAR	MIA	18	-74.894912	21.967932
PAR	MIA	19	-75.703573	22.244412
PAR	MIA	20	-77.500000	24.900000
PAR	MIA	21	-77.903071	25.334542
PAR	MIA	22	-78.921280	25.397091
PAR	MIA	23	-79.815000	25.790300
PAR	MIA	24	-79.954500	25.792100
PAR	MIA	25	-79.956700	25.760800
PAR	MIA	26	-80.140000	25.770000
GYT	MIA	0	-58.166700	6.833300
GYT	MIA	1	-57.900000	7.000000
GYT	MIA	2	-58.881486	8.271094
GYT	MIA	3	-61.000000	11.000000
GYT	MIA	4	-61.900000	12.000000
GYT	MIA	5	-64.891490	15.306171
GYT	MIA	6	-66.372586	17.013056
GYT	MIA	7	-66.600000	17.300000
GYT	MIA	8	-67.255752	17.883904
GYT	MIA	9	-67.950000	18.500000
GYT	MIA	10	-68.900000	19.750000
GYT	MIA	11	-71.704658	20.816848
GYT	MIA	12	-72.781677	21.711025
GYT	MIA	13	-73.557010	21.779812
GYT	MIA	14	-73.775799	21.799217
GYT	MIA	15	-74.319508	21.844485
GYT	MIA	16	-74.894912	21.967932
GYT	MIA	17	-75.703573	22.244412
GYT	MIA	18	-77.500000	24.900000
GYT	MIA	19	-77.903071	25.334542
GYT	MIA	20	-78.921280	25.397091
GYT	MIA	21	-79.815000	25.790300
GYT	MIA	22	-79.954500	25.792100
GYT	MIA	23	-79.956700	25.760800
GYT	MIA	24	-80.140000	25.770000
NGY	YOK	0	136.866700	35.066700
NGY	YOK	1	136.772919	35.002441
NGY	YOK	2	136.673355	34.839168
NGY	YOK	3	136.870571	34.630604
NGY	YOK	4	137.013245	34.479392
NGY	YOK	5	137.606506	34.615127
NGY	YOK	6	138.287659	34.513346
NGY	YOK	7	138.867175	34.456062
NGY	YOK	8	139.191284	34.655804
NGY	YOK	9	139.300000	35.000000
NGY	YOK	10	139.636230	35.016501
NGY	YOK	11	139.792786	35.238890
NGY	YOK	12	139.685669	35.366096
NGY	YOK	13	139.650000	35.450000
AUG	CIV	0	15.233300	37.216700
AUG	CIV	1	15.346000	37.148600
AUG	CIV	2	15.170200	37.471900
AUG	CIV	3	15.571908	37.844599
AUG	CIV	4	15.557174	38.032185
AUG	CIV	5	15.608743	38.230867
AUG	CIV	6	15.711882	38.273843
AUG	CIV	7	15.727668	38.366322
AUG	CIV	8	15.400000	38.800000
AUG	CIV	9	14.145004	39.572698
AUG	CIV	10	13.827598	39.768124
AUG	CIV	11	13.227763	40.137441
AUG	CIV	12	13.022170	40.264024
AUG	CIV	13	12.360453	40.671442
AUG	CIV	14	12.249699	40.926028
AUG	CIV	15	12.000000	41.500000
AUG	CIV	16	11.715000	42.113800
AUG	CIV	17	11.790000	42.100000
BRI	CIV	0	17.983300	40.650000
BRI	CIV	1	17.991209	40.657188
BRI	CIV	2	18.127123	40.692162
BRI	CIV	3	18.184433	40.681398
BRI	CIV	4	18.900000	40.100000
BRI	CIV	5	18.520626	39.762779
BRI	CIV	6	18.000000	39.300000
BRI	CIV	7	17.258567	38.777835
BRI	CIV	8	16.152761	37.900531
BRI	CIV	9	15.698200	37.892786
BRI	CIV	10	15.557174	38.032185
BRI	CIV	11	15.608743	38.230867
BRI	CIV	12	15.711882	38.273843
BRI	CIV	13	15.727668	38.366322
BRI	CIV	14	15.400000	38.800000
BRI	CIV	15	14.145004	39.572698
BRI	CIV	16	13.827598	39.768124
BRI	CIV	17	13.227763	40.137441
BRI	CIV	18	13.022170	40.264024
BRI	CIV	19	12.360453	40.671442
BRI	CIV	20	12.249699	40.926028
BRI	CIV	21	12.000000	41.500000
BRI	CIV	22	11.715000	42.113800
BRI	CIV	23	11.790000	42.100000
CAT	CIV	0	15.100000	37.500000
CAT	CIV	1	15.170200	37.471900
CAT	CIV	2	15.571908	37.844599
CAT	CIV	3	15.557174	38.032185
CAT	CIV	4	15.608743	38.230867
CAT	CIV	5	15.711882	38.273843
CAT	CIV	6	15.727668	38.366322
CAT	CIV	7	15.400000	38.800000
CAT	CIV	8	14.145004	39.572698
CAT	CIV	9	13.827598	39.768124
CAT	CIV	10	13.227763	40.137441
CAT	CIV	11	13.022170	40.264024
CAT	CIV	12	12.360453	40.671442
CAT	CIV	13	12.249699	40.926028
CAT	CIV	14	12.000000	41.500000
CAT	CIV	15	11.715000	42.113800
CAT	CIV	16	11.790000	42.100000
PHD	FRE	0	118.583300	-20.316700
PHD	FRE	1	118.600000	-19.600000
PHD	FRE	2	116.664478	-20.187960
PHD	FRE	3	114.500000	-20.900000
PHD	FRE	4	114.082964	-21.627662
PHD	FRE	5	113.000000	-23.500000
PHD	FRE	6	112.746252	-25.490973
PHD	FRE	7	112.700000	-26.000000
PHD	FRE	8	114.000000	-29.000000
PHD	FRE	9	115.411377	-31.969639
PHD	FRE	10	115.626984	-31.963814
PHD	FRE	11	115.715990	-32.056463
PHD	FRE	12	115.737534	-32.053699
PHD	FRE	13	115.740000	-32.050000
BRM	DAR	0	122.233300	-17.966700
BRM	DAR	1	122.184448	-18.080590
BRM	DAR	2	121.786901	-16.999694
BRM	DAR	3	123.000000	-16.000000
BRM	DAR	4	126.474609	-12.961736
BRM	DAR	5	128.711015	-11.720153
BRM	DAR	6	130.800000	-12.200000
BRM	DAR	7	130.820000	-12.470000
MND	JEA	0	69.706700	22.728300
MND	JEA	1	69.444580	22.573438
MND	JEA	2	68.719482	22.543001
MND	JEA	3	66.600000	24.300000
MND	JEA	4	63.300000	24.600000
MND	JEA	5	57.100000	25.500000
MND	JEA	6	56.931531	25.961959
MND	JEA	7	56.763061	26.422112
MND	JEA	8	56.547226	26.511054
MND	JEA	9	56.343384	26.441066
MND	JEA	10	55.837469	26.025658
MND	JEA	11	55.467372	25.778718
MND	JEA	12	55.200000	25.600000
MND	JEA	13	54.990692	25.321684
MND	JEA	14	55.030000	25.000000
MCH	CHN	0	81.166700	16.150000
MCH	CHN	1	82.000000	16.000000
MCH	CHN	2	81.000000	13.000000
MCH	CHN	3	80.414429	12.977795
MCH	CHN	4	80.330000	13.100000
MQM	KAR	0	67.350000	24.766700
MQM	KAR	1	66.975702	24.817412
MQM	KAR	2	66.990000	24.820000
SHA	CMB	0	121.750000	31.250000
SHA	CMB	1	121.839752	31.258596
SHA	CMB	2	121.944122	31.062345
SHA	CMB	3	122.669220	30.932268
SHA	CMB	4	122.891141	30.901897
SHA	CMB	5	122.878907	30.349364
SHA	CMB	6	122.875214	30.181935
SHA	CMB	7	122.652515	29.623632
SHA	CMB	8	122.557297	29.383970
SHA	CMB	9	122.239380	28.579698
SHA	CMB	10	121.300000	27.800000
SHA	CMB	11	120.787503	26.976762
SHA	CMB	12	120.232569	26.078521
SHA	CMB	13	120.000000	25.700000
SHA	CMB	14	119.820497	25.236972
SHA	CMB	15	119.761963	25.085599
SHA	CMB	16	119.523707	24.707707
SHA	CMB	17	119.338820	24.448861
SHA	CMB	18	118.980046	23.949944
SHA	CMB	19	118.724128	23.582665
SHA	CMB	20	118.203464	22.930938
SHA	CMB	21	118.030487	22.691517
SHA	CMB	22	117.437994	21.922538
SHA	CMB	23	116.501700	20.601113
SHA	CMB	24	115.841059	19.666279
SHA	CMB	25	114.338334	17.570129
SHA	CMB	26	112.965000	15.727800
SHA	CMB	27	111.478346	12.523981
SHA	CMB	28	111.053400	11.608200
SHA	CMB	29	110.806970	11.263464
SHA	CMB	30	110.027598	10.173186
SHA	CMB	31	108.702300	8.319200
SHA	CMB	32	104.482294	1.341312
SHA	CMB	33	104.145848	1.249295
SHA	CMB	34	103.861103	1.171415
SHA	CMB	35	103.600000	1.100000
SHA	CMB	36	102.000000	2.000000
SHA	CMB	37	101.316415	2.586072
SHA	CMB	38	100.600000	3.200000
SHA	CMB	39	99.763807	4.084523
SHA	CMB	40	98.128129	5.811729
SHA	CMB	41	94.326449	6.157121
SHA	CMB	42	90.000000	6.466400
SHA	CMB	43	85.947900	6.198300
SHA	CMB	44	81.900000	5.900000
SHA	CMB	45	80.100000	5.800000
SHA	CMB	46	79.826660	6.424484
SHA	CMB	47	79.789581	6.994585
SHA	CMB	48	79.800000	6.930000
CMB	SAN	0	79.800000	6.930000
CMB	SAN	1	79.789581	6.994585
CMB	SAN	2	78.868856	6.674926
CMB	SAN	3	78.019032	6.387793
CMB	SAN	4	73.845613	4.845613
CMB	SAN	5	73.560879	4.143884
CMB	SAN	6	70.000000	-0.000030
CMB	SAN	7	67.523700	-2.512000
CMB	SAN	8	67.449371	-2.586972
CMB	SAN	9	66.708666	-3.334083
CMB	SAN	10	66.029828	-6.084242
CMB	SAN	11	65.054317	-10.036300
CMB	SAN	12	63.938262	-14.090889
CMB	SAN	13	59.204526	-19.379363
CMB	SAN	14	58.000000	-20.700000
CMB	SAN	15	56.119753	-21.767695
CMB	SAN	16	48.100000	-26.400000
CMB	SAN	17	44.117600	-28.259500
CMB	SAN	18	40.000000	-30.000000
CMB	SAN	19	34.357900	-31.878900
CMB	SAN	20	28.500000	-33.500000
CMB	SAN	21	26.000000	-34.500000
CMB	SAN	22	22.000000	-35.000000
CMB	SAN	23	18.000000	-35.000000
CMB	SAN	24	10.001621	-33.860140
CMB	SAN	25	6.861079	-33.412577
CMB	SAN	26	2.577253	-32.802083
CMB	SAN	27	0.001027	-32.434942
CMB	SAN	28	-1.979997	-32.152623
CMB	SAN	29	-8.931245	-31.161991
CMB	SAN	30	-9.999576	-31.009742
CMB	SAN	31	-10.839833	-30.913051
CMB	SAN	32	-20.000000	-30.000000
CMB	SAN	33	-28.466397	-28.551201
CMB	SAN	34	-29.999521	-28.288848
CMB	SAN	35	-32.074495	-27.933771
CMB	SAN	36	-36.932742	-27.102411
CMB	SAN	37	-39.822593	-26.607890
CMB	SAN	38	-41.289080	-26.356940
CMB	SAN	39	-42.873028	-26.085889
CMB	SAN	40	-44.676636	-25.772514
CMB	SAN	41	-46.300000	-24.300000
CMB	SAN	42	-46.347885	-23.981547
CMB	SAN	43	-46.300000	-24.000000
SHA	CPT	0	121.750000	31.250000
SHA	CPT	1	121.839752	31.258596
SHA	CPT	2	121.944122	31.062345
SHA	CPT	3	122.669220	30.932268
SHA	CPT	4	122.891141	30.901897
SHA	CPT	5	122.878907	30.349364
SHA	CPT	6	122.875214	30.181935
SHA	CPT	7	122.652515	29.623632
SHA	CPT	8	122.557297	29.383970
SHA	CPT	9	122.239380	28.579698
SHA	CPT	10	121.300000	27.800000
SHA	CPT	11	120.787503	26.976762
SHA	CPT	12	120.232569	26.078521
SHA	CPT	13	120.000000	25.700000
SHA	CPT	14	119.820497	25.236972
SHA	CPT	15	119.761963	25.085599
SHA	CPT	16	119.523707	24.707707
SHA	CPT	17	119.338820	24.448861
SHA	CPT	18	118.980046	23.949944
SHA	CPT	19	118.724128	23.582665
SHA	CPT	20	118.203464	22.930938
SHA	CPT	21	118.030487	22.691517
SHA	CPT	22	117.437994	21.922538
SHA	CPT	23	116.501700	20.601113
SHA	CPT	24	115.841059	19.666279
SHA	CPT	25	114.338334	17.570129
SHA	CPT	26	112.965000	15.727800
SHA	CPT	27	111.478346	12.523981
SHA	CPT	28	111.053400	11.608200
SHA	CPT	29	110.806970	11.263464
SHA	CPT	30	110.027598	10.173186
SHA	CPT	31	109.948200	7.950500
SHA	CPT	32	109.934071	7.545272
SHA	CPT	33	109.800000	3.700000
SHA	CPT	34	109.077742	2.198945
SHA	CPT	35	107.656412	-1.540824
SHA	CPT	36	107.251282	-2.498597
SHA	CPT	37	107.292480	-3.590178
SHA	CPT	38	106.800000	-5.200000
SHA	CPT	39	106.459579	-5.312501
SHA	CPT	40	105.864207	-5.893542
SHA	CPT	41	105.754542	-5.979226
SHA	CPT	42	105.424805	-6.298919
SHA	CPT	43	104.828270	-6.592568
SHA	CPT	44	104.000000	-7.000000
SHA	CPT	45	100.000000	-10.000000
SHA	CPT	46	95.061100	-13.097200
SHA	CPT	47	93.735063	-13.883479
SHA	CPT	48	90.000624	-16.097830
SHA	CPT	49	87.410925	-17.548180
SHA	CPT	50	86.989753	-17.784076
SHA	CPT	51	86.989745	-17.784081
SHA	CPT	52	86.626200	-17.987700
SHA	CPT	53	82.741545	-20.037946
SHA	CPT	54	80.903432	-20.957707
SHA	CPT	55	80.000395	-21.409572
SHA	CPT	56	77.600719	-22.543222
SHA	CPT	57	76.052600	-23.267400
SHA	CPT	58	73.944701	-24.181688
SHA	CPT	59	72.357100	-24.870300
SHA	CPT	60	70.001174	-25.809188
SHA	CPT	61	68.568600	-26.380100
SHA	CPT	62	66.312924	-27.197748
SHA	CPT	63	64.684300	-27.788100
SHA	CPT	64	61.107776	-28.953503
SHA	CPT	65	59.850755	-29.331435
SHA	CPT	66	57.364335	-30.049282
SHA	CPT	67	52.457400	-31.310900
SHA	CPT	68	51.411778	-31.534939
SHA	CPT	69	50.000771	-31.837267
SHA	CPT	70	47.907599	-32.274820
SHA	CPT	71	42.877817	-33.128872
SHA	CPT	72	40.001483	-33.531655
SHA	CPT	73	36.390766	-33.923893
SHA	CPT	74	35.011500	-34.066200
SHA	CPT	75	30.517000	-34.365000
SHA	CPT	76	26.000000	-34.500000
SHA	CPT	77	22.000000	-35.000000
SHA	CPT	78	18.000000	-35.000000
SHA	CPT	79	18.237305	-33.840764
SHA	CPT	80	18.428192	-33.862433
SHA	CPT	81	18.350000	-33.900000
KAR	CPT	0	66.990000	24.820000
KAR	CPT	1	66.975702	24.817412
KAR	CPT	2	66.600000	24.300000
KAR	CPT	3	64.447045	22.842503
KAR	CPT	4	62.375976	21.440441
KAR	CPT	5	59.000000	20.000000
KAR	CPT	6	58.191833	18.742507
KAR	CPT	7	56.876033	17.383860
KAR	CPT	8	53.618850	13.300009
KAR	CPT	9	52.300000	11.600000
KAR	CPT	10	50.837900	8.302900
KAR	CPT	11	49.400000	5.000000
KAR	CPT	12	47.812548	0.745717
KAR	CPT	13	47.058219	-1.280003
KAR	CPT	14	44.496583	-8.106077
KAR	CPT	15	43.000000	-12.000000
KAR	CPT	16	41.700000	-15.000000
KAR	CPT	17	38.929000	-19.523400
KAR	CPT	18	36.000000	-24.000000
KAR	CPT	19	35.142957	-24.861024
KAR	CPT	20	34.437034	-25.749552
KAR	CPT	21	32.920532	-28.449374
KAR	CPT	22	32.000000	-30.000000
KAR	CPT	23	28.500000	-33.500000
KAR	CPT	24	26.000000	-34.500000
KAR	CPT	25	22.000000	-35.000000
KAR	CPT	26	18.000000	-35.000000
KAR	CPT	27	18.237305	-33.840764
KAR	CPT	28	18.428192	-33.862433
KAR	CPT	29	18.350000	-33.900000
SYP	FRE	0	151.230000	-33.850000
SYP	FRE	1	151.211615	-33.854094
SYP	FRE	2	151.251183	-33.856945
SYP	FRE	3	151.278305	-33.828787
SYP	FRE	4	151.312981	-33.835631
SYP	FRE	5	151.500000	-34.000100
SYP	FRE	6	150.100000	-37.700000
SYP	FRE	7	147.854004	-38.160476
SYP	FRE	8	146.436768	-39.274790
SYP	FRE	9	145.012756	-39.074055
SYP	FRE	10	143.536491	-38.961841
SYP	FRE	11	142.300000	-38.900000
SYP	FRE	12	141.000000	-38.700000
SYP	FRE	13	135.083500	-38.320300
SYP	FRE	14	129.252700	-37.651000
SYP	FRE	15	123.547700	-36.705100
SYP	FRE	16	118.000000	-35.500000
SYP	FRE	17	114.797777	-34.672181
SYP	FRE	18	114.678526	-33.460369
SYP	FRE	19	115.411377	-31.969639
SYP	FRE	20	115.626984	-31.963814
SYP	FRE	21	115.715990	-32.056463
SYP	FRE	22	115.737534	-32.053699
SYP	FRE	23	115.740000	-32.050000
ADL	FRE	0	138.500000	-34.840000
ADL	FRE	1	138.433228	-34.910710
ADL	FRE	2	137.798767	-35.384572
ADL	FRE	3	135.670166	-35.500000
ADL	FRE	4	118.000000	-35.500000
ADL	FRE	5	114.797777	-34.672181
ADL	FRE	6	114.678526	-33.460369
ADL	FRE	7	115.411377	-31.969639
ADL	FRE	8	115.626984	-31.963814
ADL	FRE	9	115.715990	-32.056463
ADL	FRE	10	115.737534	-32.053699
ADL	FRE	11	115.740000	-32.050000
CAB	LUA	0	12.200000	-5.533300
CAB	LUA	1	11.543725	-5.959730
CAB	LUA	2	13.250000	-8.800000
LOB	LUA	0	13.566700	-12.333300
LOB	LUA	1	12.000000	-9.000000
LOB	LUA	2	13.250000	-8.800000
NAM	WVB	0	12.150000	-15.200000
NAM	WVB	1	11.000000	-19.000000
NAM	WVB	2	13.809440	-22.909209
NAM	WVB	3	14.500000	-22.950000
TAK	LAG	0	-1.733300	4.883300
TAK	LAG	1	0.016479	5.304297
TAK	LAG	2	1.421637	5.836746
TAK	LAG	3	2.515869	6.075011
TAK	LAG	4	3.390000	6.450000
TEM	LAG	0	0.016700	5.616700
TEM	LAG	1	0.016479	5.304297
TEM	LAG	2	1.421637	5.836746
TEM	LAG	3	2.515869	6.075011
TEM	LAG	4	3.390000	6.450000
DAK	CNK	0	-17.433300	14.683300
DAK	CNK	1	-17.215576	14.594216
DAK	CNK	2	-17.150647	13.517157
DAK	CNK	3	-17.092967	12.556247
DAK	CNK	4	-17.000000	11.000000
DAK	CNK	5	-14.500000	8.500000
DAK	CNK	6	-13.716700	9.516700
PRA	DAK	0	-23.516700	14.916700
PRA	DAK	1	-23.000000	15.000000
PRA	DAK	2	-21.294944	15.000000
PRA	DAK	3	-18.000000	15.000000
PRA	DAK	4	-17.433300	14.683300
DJI	JID	0	43.133300	11.600000
DJI	JID	1	43.746586	12.404390
DJI	JID	2	43.300000	12.700000
DJI	JID	3	42.541058	13.676089
DJI	JID	4	42.341309	14.509144
DJI	JID	5	41.000977	17.098792
DJI	JID	6	38.572998	20.807472
DJI	JID	7	39.183300	21.483300
DOR	BER	0	43.083300	11.600000
DOR	BER	1	45.000000	12.000000
DOR	BER	2	45.016700	10.450000
BER	MOG	0	45.016700	10.450000
BER	MOG	1	45.000000	12.000000
BER	MOG	2	50.856149	12.884027
BER	MOG	3	52.300000	11.600000
BER	MOG	4	50.837900	8.302900
BER	MOG	5	49.400000	5.000000
BER	MOG	6	45.852351	1.732747
BER	MOG	7	45.350000	2.033300
BSA	MOG	0	49.183300	11.283300
BSA	MOG	1	52.300000	11.600000
BSA	MOG	2	50.837900	8.302900
BSA	MOG	3	49.400000	5.000000
BSA	MOG	4	45.852351	1.732747
BSA	MOG	5	45.350000	2.033300
KIS	MOG	0	42.550000	-0.366700
KIS	MOG	1	45.852351	1.732747
KIS	MOG	2	45.350000	2.033300
DSE	MMB	0	39.300000	-6.816700
DSE	MMB	1	38.968506	-6.075011
DSE	MMB	2	39.424438	-4.861101
DSE	MMB	3	39.670000	-4.050000
TAN	MMB	0	39.116700	-5.083300
TAN	MMB	1	39.670000	-4.050000
ZAN	DSE	0	39.183300	-6.166700
ZAN	DSE	1	39.300000	-6.816700
MTW	MMB	0	40.200000	-10.266700
MTW	MMB	1	40.000000	-6.500000
MTW	MMB	2	40.300000	-4.200000
MTW	MMB	3	39.670000	-4.050000
NAC	MMB	0	40.666700	-14.533300
NAC	MMB	1	41.000000	-10.000000
NAC	MMB	2	40.000000	-6.500000
NAC	MMB	3	40.300000	-4.200000
NAC	MMB	4	39.670000	-4.050000
PEM	MMB	0	40.500000	-12.966700
PEM	MMB	1	41.000000	-10.000000
PEM	MMB	2	40.000000	-6.500000
PEM	MMB	3	40.300000	-4.200000
PEM	MMB	4	39.670000	-4.050000
TOA	MMB	0	49.416700	-18.166700
TOA	MMB	1	49.949757	-18.225914
TOA	MMB	2	51.000000	-15.000000
TOA	MMB	3	50.411115	-12.067163
TOA	MMB	4	50.000000	-10.000000
TOA	MMB	5	44.496583	-8.106077
TOA	MMB	6	40.000000	-6.500000
TOA	MMB	7	40.300000	-4.200000
TOA	MMB	8	39.670000	-4.050000
MAJ	TOA	0	46.300000	-15.716700
MAJ	TOA	1	49.323120	-11.716788
MAJ	TOA	2	50.411115	-12.067163
MAJ	TOA	3	51.000000	-15.000000
MAJ	TOA	4	49.949757	-18.225914
MAJ	TOA	5	49.416700	-18.166700
TOL	TOA	0	43.666700	-23.366700
TOL	TOA	1	43.000000	-26.000000
TOL	TOA	2	48.100000	-26.400000
TOL	TOA	3	49.460800	-20.408700
TOL	TOA	4	49.949757	-18.225914
TOL	TOA	5	49.416700	-18.166700
LUD	WVB	0	15.150000	-26.650000
LUD	WVB	1	13.809440	-22.909209
LUD	WVB	2	14.500000	-22.950000
SAS	CPT	0	17.966700	-33.033300
SAS	CPT	1	18.350000	-33.900000
PTG	LBR	0	8.800000	-0.700000
PTG	LBR	1	8.256226	0.093384
PTG	LBR	2	8.613281	0.977736
PTG	LBR	3	9.450000	0.383300
OWE	LUA	0	9.500000	0.283300
OWE	LUA	1	8.613281	0.977736
OWE	LUA	2	8.256226	0.093384
OWE	LUA	3	8.020020	-1.032659
OWE	LUA	4	11.140137	-4.992450
OWE	LUA	5	11.543725	-5.959730
OWE	LUA	6	13.250000	-8.800000
SKI	ALG	0	6.916700	36.883300
SKI	ALG	1	7.500000	37.400000
SKI	ALG	2	3.100000	37.200000
SKI	ALG	3	3.066700	36.766700
BEJ	ALG	0	5.083300	36.750000
BEJ	ALG	1	4.200818	38.766372
BEJ	ALG	2	3.294502	37.476760
BEJ	ALG	3	3.100000	37.200000
BEJ	ALG	4	3.066700	36.766700
CAS	TNG	0	-7.616700	33.600000
CAS	TNG	1	-7.787500	34.076471
CAS	TNG	2	-7.100000	34.400000
CAS	TNG	3	-5.800000	35.780000
AGD	CAS	0	-9.633300	30.433300
AGD	CAS	1	-10.100000	31.800000
AGD	CAS	2	-8.751058	33.623031
AGD	CAS	3	-7.787500	34.076471
AGD	CAS	4	-7.616700	33.600000
JID	JEA	0	39.183300	21.483300
JID	JEA	1	38.572998	20.807472
JID	JEA	2	41.000977	17.098792
JID	JEA	3	42.341309	14.509144
JID	JEA	4	42.541058	13.676089
JID	JEA	5	43.300000	12.700000
JID	JEA	6	43.746586	12.404390
JID	JEA	7	45.000000	12.000000
JID	JEA	8	49.558100	14.143600
JID	JEA	9	54.200000	16.200000
JID	JEA	10	56.876033	17.383860
JID	JEA	11	58.191833	18.742507
JID	JEA	12	59.000000	20.000000
JID	JEA	13	60.400000	22.700000
JID	JEA	14	59.000000	24.000000
JID	JEA	15	57.100000	25.500000
JID	JEA	16	56.931531	25.961959
JID	JEA	17	56.763061	26.422112
JID	JEA	18	56.547226	26.511054
JID	JEA	19	56.343384	26.441066
JID	JEA	20	55.837469	26.025658
JID	JEA	21	55.467372	25.778718
JID	JEA	22	55.200000	25.600000
JID	JEA	23	55.030000	25.000000
MPL	BUE	0	-57.533300	-38.033300
MPL	BUE	1	-54.600000	-35.250000
MPL	BUE	2	-56.500000	-35.100000
MPL	BUE	3	-58.360000	-34.580000
MAD	MPL	0	-65.033300	-42.766700
MAD	MPL	1	-63.693511	-43.089831
MAD	MPL	2	-61.250000	-39.300000
MAD	MPL	3	-60.221419	-39.041198
MAD	MPL	4	-58.210310	-38.532436
MAD	MPL	5	-57.533300	-38.033300
USH	MPL	0	-68.300000	-54.816700
USH	MPL	1	-67.467041	-55.998381
USH	MPL	2	-66.958117	-55.983610
USH	MPL	3	-66.395874	-55.890716
USH	MPL	4	-65.258789	-55.541065
USH	MPL	5	-64.978638	-54.521081
USH	MPL	6	-62.618420	-50.799310
USH	MPL	7	-60.181071	-48.574367
USH	MPL	8	-60.386318	-46.958390
USH	MPL	9	-60.679000	-44.654000
USH	MPL	10	-61.250000	-39.300000
USH	MPL	11	-60.221419	-39.041198
USH	MPL	12	-58.210310	-38.532436
USH	MPL	13	-57.533300	-38.033300
NAT	PMT	0	-72.566700	-51.716700
NAT	PMT	1	-74.701538	-52.659726
NAT	PMT	2	-75.101482	-52.587619
NAT	PMT	3	-75.454102	-52.099757
NAT	PMT	4	-75.860500	-51.434400
NAT	PMT	5	-75.966507	-48.912099
NAT	PMT	6	-76.500000	-46.500100
NAT	PMT	7	-75.613403	-44.374913
NAT	PMT	8	-74.262085	-43.687736
NAT	PMT	9	-73.355713	-43.663898
NAT	PMT	10	-73.152466	-42.755080
NAT	PMT	11	-72.954712	-42.012571
NAT	PMT	12	-72.776184	-41.687271
NAT	PMT	13	-72.966700	-41.483300
PMT	VLP	0	-72.966700	-41.483300
PMT	VLP	1	-72.776184	-41.687271
PMT	VLP	2	-72.954712	-42.012571
PMT	VLP	3	-73.392792	-41.824549
PMT	VLP	4	-73.872070	-41.755947
PMT	VLP	5	-75.000000	-41.300000
PMT	VLP	6	-73.778859	-36.656922
PMT	VLP	7	-73.108521	-36.071302
PMT	VLP	8	-71.616700	-33.033300
TAL	VLP	0	-73.100000	-36.700000
TAL	VLP	1	-73.108521	-36.071302
TAL	VLP	2	-71.616700	-33.033300
ANT	VLP	0	-70.416700	-23.650000
ANT	VLP	1	-72.020524	-26.622891
ANT	VLP	2	-72.800000	-29.600000
ANT	VLP	3	-71.616700	-33.033300
IQQ	ANT	0	-70.166700	-20.200000
IQQ	ANT	1	-70.416700	-23.650000
PAI	CLL	0	-81.116700	-5.083300
PAI	CLL	1	-80.200000	-7.300000
PAI	CLL	2	-80.000000	-10.000000
PAI	CLL	3	-77.150000	-12.050000
MAN	CLL	0	-80.716700	-0.950000
MAN	CLL	1	-81.250000	-3.000000
MAN	CLL	2	-81.900000	-5.250000
MAN	CLL	3	-80.200000	-7.300000
MAN	CLL	4	-80.000000	-10.000000
MAN	CLL	5	-77.150000	-12.050000
GUA	BLB	0	-79.883300	-2.200000
GUA	BLB	1	-80.110931	-2.634417
GUA	BLB	2	-80.474854	-2.981442
GUA	BLB	3	-81.250000	-3.000000
GUA	BLB	4	-81.800000	-0.900000
GUA	BLB	5	-81.176151	1.848430
GUA	BLB	6	-80.903300	3.050500
GUA	BLB	7	-80.412834	5.194964
GUA	BLB	8	-79.672852	7.422389
GUA	BLB	9	-79.500000	8.600000
GUA	BLB	10	-79.494118	8.796576
GUA	BLB	11	-79.566700	8.950000
BRQ	CTG	0	-74.766700	10.966700
BRQ	CTG	1	-74.685831	11.598822
BRQ	CTG	2	-75.731541	10.889701
BRQ	CTG	3	-75.631256	10.310866
BRQ	CTG	4	-75.536156	10.312555
BRQ	CTG	5	-75.533300	10.416700
CTG	BLB	0	-75.533300	10.416700
CTG	BLB	1	-75.536156	10.312555
CTG	BLB	2	-75.631256	10.310866
CTG	BLB	3	-76.110589	10.250306
CTG	BLB	4	-80.000000	9.750000
CTG	BLB	5	-79.900612	9.208176
CTG	BLB	6	-79.821304	9.173012
CTG	BLB	7	-79.803246	9.118307
CTG	BLB	8	-79.741379	9.118236
CTG	BLB	9	-79.689331	9.106390
CTG	BLB	10	-79.641747	9.035982
CTG	BLB	11	-79.566700	8.950000
SMT	MIA	0	-74.216700	11.250000
SMT	MIA	1	-74.685831	11.598822
SMT	MIA	2	-72.236279	12.447046
SMT	MIA	3	-71.042160	12.742460
SMT	MIA	4	-70.000000	13.000000
SMT	MIA	5	-69.297338	13.888661
SMT	MIA	6	-69.104748	14.132230
SMT	MIA	7	-68.845690	14.459862
SMT	MIA	8	-68.537011	14.850250
SMT	MIA	9	-68.314399	15.131790
SMT	MIA	10	-69.392684	15.630755
SMT	MIA	11	-71.173962	16.455021
SMT	MIA	12	-73.000000	17.300000
SMT	MIA	13	-75.000000	18.500000
SMT	MIA	14	-74.696227	18.915600
SMT	MIA	15	-73.900000	20.000000
SMT	MIA	16	-73.898851	20.346136
SMT	MIA	17	-75.200000	21.500000
SMT	MIA	18	-75.703573	22.244412
SMT	MIA	19	-77.500000	24.900000
SMT	MIA	20	-77.903071	25.334542
SMT	MIA	21	-78.921280	25.397091
SMT	MIA	22	-79.815000	25.790300
SMT	MIA	23	-79.954500	25.792100
SMT	MIA	24	-80.140000	25.770000
PBO	CTG	0	-71.966700	12.250000
PBO	CTG	1	-74.685831	11.598822
PBO	CTG	2	-75.731541	10.889701
PBO	CTG	3	-75.631256	10.310866
PBO	CTG	4	-75.536156	10.312555
PBO	CTG	5	-75.533300	10.416700
LAC	ACA	0	-102.166700	17.933300
LAC	ACA	1	-99.933300	16.850000
MNZ	ACA	0	-104.316700	19.050000
MNZ	ACA	1	-99.933300	16.850000
VRC	HOU	0	-96.133300	19.200000
VRC	HOU	1	-96.000000	19.500000
VRC	HOU	2	-95.373096	22.254820
VRC	HOU	3	-94.709636	25.219752
VRC	HOU	4	-94.586792	26.000000
VRC	HOU	5	-94.567800	26.163300
VRC	HOU	6	-94.492110	26.931229
VRC	HOU	7	-94.416200	27.701400
VRC	HOU	8	-94.416700	28.082400
VRC	HOU	9	-94.416142	28.876751
VRC	HOU	10	-94.416100	28.936700
VRC	HOU	11	-94.426700	29.129300
VRC	HOU	12	-94.609000	29.276100
VRC	HOU	13	-94.625100	29.306800
VRC	HOU	14	-94.687800	29.337900
VRC	HOU	15	-94.769600	29.342300
VRC	HOU	16	-94.802100	29.367500
VRC	HOU	17	-94.869900	29.499600
VRC	HOU	18	-94.952300	29.606500
VRC	HOU	19	-94.982300	29.683500
VRC	HOU	20	-95.001354	29.700952
VRC	HOU	21	-95.020000	29.730000
ALT	HOU	0	-97.850000	22.483300
ALT	HOU	1	-97.000000	22.300000
ALT	HOU	2	-97.000000	26.000000
ALT	HOU	3	-96.980500	26.051300
ALT	HOU	4	-96.967100	26.552200
ALT	HOU	5	-97.000000	27.600000
ALT	HOU	6	-96.933900	27.693100
ALT	HOU	7	-96.859200	27.734200
ALT	HOU	8	-96.073300	28.188000
ALT	HOU	9	-95.101100	28.746400
ALT	HOU	10	-94.599523	29.031177
ALT	HOU	11	-94.800000	29.200000
ALT	HOU	12	-94.625100	29.306800
ALT	HOU	13	-94.687800	29.337900
ALT	HOU	14	-94.769600	29.342300
ALT	HOU	15	-94.802100	29.367500
ALT	HOU	16	-94.869900	29.499600
ALT	HOU	17	-94.952300	29.606500
ALT	HOU	18	-94.982300	29.683500
ALT	HOU	19	-95.001354	29.700952
ALT	HOU	20	-95.020000	29.730000
PVA	ACA	0	-105.266700	20.616700
PVA	ACA	1	-106.489938	20.102998
PVA	ACA	2	-103.403320	17.983958
PVA	ACA	3	-99.933300	16.850000
ENS	LAP	0	-116.633300	31.866700
ENS	LAP	1	-117.435608	33.167445
ENS	LAP	2	-118.121500	33.627600
ENS	LAP	3	-118.250000	33.720000
ITJ	SAN	0	-48.633300	-26.916700
ITJ	SAN	1	-48.538971	-26.149274
ITJ	SAN	2	-48.289032	-26.181321
ITJ	SAN	3	-48.128357	-25.710837
ITJ	SAN	4	-46.300000	-24.300000
ITJ	SAN	5	-46.300000	-24.000000
REC	SLV	0	-34.866700	-8.050000
REC	SLV	1	-34.205933	-8.091862
REC	SLV	2	-35.073853	-9.849804
REC	SLV	3	-38.111572	-13.181120
REC	SLV	4	-38.578491	-13.202513
REC	SLV	5	-38.516700	-12.966700
SUE	SLV	0	-34.966700	-8.400000
SUE	SLV	1	-34.205933	-8.091862
SUE	SLV	2	-35.073853	-9.849804
SUE	SLV	3	-38.111572	-13.181120
SUE	SLV	4	-38.578491	-13.202513
SUE	SLV	5	-38.516700	-12.966700
HAZ	MUM	0	72.633300	21.083300
HAZ	MUM	1	72.377930	20.066251
HAZ	MUM	2	72.400000	19.000000
HAZ	MUM	3	72.850000	18.950000
DHE	MUM	0	72.533300	21.700000
DHE	MUM	1	72.627869	20.989650
DHE	MUM	2	72.377930	20.066251
DHE	MUM	3	72.400000	19.000000
DHE	MUM	4	72.850000	18.950000
PIP	MND	0	71.516700	20.916700
PIP	MND	1	70.864563	20.177145
PIP	MND	2	69.592463	20.809334
PIP	MND	3	68.719482	22.543001
PIP	MND	4	69.706700	22.728300
NML	KOC	0	74.816700	12.916700
NML	KOC	1	74.133516	12.773359
NML	KOC	2	75.300000	9.700000
NML	KOC	3	76.270000	9.970000
TUT	CHN	0	78.166700	8.800000
TUT	CHN	1	79.789581	6.994585
TUT	CHN	2	79.826660	6.424484
TUT	CHN	3	80.100000	5.800000
TUT	CHN	4	81.900000	5.900000
TUT	CHN	5	82.250000	7.250000
TUT	CHN	6	81.000000	13.000000
TUT	CHN	7	80.330000	13.100000
GPL	VIS	0	84.916700	19.250000
GPL	VIS	1	83.656463	17.413983
GPL	VIS	2	83.300000	17.700000
PRD	KOL	0	86.683300	20.266700
PRD	KOL	1	87.938690	21.684229
PRD	KOL	2	88.206482	22.065278
PRD	KOL	3	88.320000	22.550000
HLD	KOL	0	88.083300	22.016700
HLD	KOL	1	88.320000	22.550000
PBL	MLE	0	92.750000	11.683300
PBL	MLE	1	88.973316	13.264437
PBL	MLE	2	88.000000	13.000000
PBL	MLE	3	85.694628	10.724911
PBL	MLE	4	85.099500	10.137600
PBL	MLE	5	82.250000	7.250000
PBL	MLE	6	81.900000	5.900000
PBL	MLE	7	80.100000	5.800000
PBL	MLE	8	76.545300	4.909300
PBL	MLE	9	74.822653	4.467475
PBL	MLE	10	73.510000	4.180000
TRI	CMB	0	81.216700	8.550000
TRI	CMB	1	81.900000	5.900000
TRI	CMB	2	80.100000	5.800000
TRI	CMB	3	79.826660	6.424484
TRI	CMB	4	79.800000	6.930000
GAL	CMB	0	80.216700	6.016700
GAL	CMB	1	79.826660	6.424484
GAL	CMB	2	79.800000	6.930000
GWD	KAR	0	62.300000	25.133300
GWD	KAR	1	66.600000	24.300000
GWD	KAR	2	66.990000	24.820000
MGO	MUM	0	73.800000	15.433300
MGO	MUM	1	72.400000	19.000000
MGO	MUM	2	72.850000	18.950000
BNT	KKB	0	113.066700	3.266700
BNT	KKB	1	114.000000	6.000000
BNT	KKB	2	114.584200	6.259600
BNT	KKB	3	115.714472	6.691357
BNT	KKB	4	116.066700	5.983300
KUC	KKB	0	110.350000	1.566700
KUC	KKB	1	110.603485	1.794598
KUC	KKB	2	111.235622	4.487034
KUC	KKB	3	114.000000	6.000000
KUC	KKB	4	114.584200	6.259600
KUC	KKB	5	115.714472	6.691357
KUC	KKB	6	116.066700	5.983300
SND	KKB	0	118.116700	5.833300
SND	KKB	1	118.015137	6.500899
SND	KKB	2	117.362542	7.143619
SND	KKB	3	117.046811	7.039180
SND	KKB	4	116.844743	7.122733
SND	KKB	5	115.714472	6.691357
SND	KKB	6	116.066700	5.983300
TJN	JHR	0	103.550000	1.350000
TJN	JHR	1	103.627853	1.349134
TJN	JHR	2	103.675232	1.429448
TJN	JHR	3	103.721924	1.458278
TJN	JHR	4	103.763123	1.448668
TJN	JHR	5	103.797112	1.476125
TJN	JHR	6	103.853073	1.463083
TJN	JHR	7	103.900000	1.433300
BLP	SRB	0	116.816700	-1.250000
BLP	SRB	1	116.951856	-1.429535
BLP	SRB	2	116.696777	-1.927737
BLP	SRB	3	116.514130	-3.106235
BLP	SRB	4	116.444600	-4.168516
BLP	SRB	5	114.100124	-4.579731
BLP	SRB	6	114.099995	-4.579754
BLP	SRB	7	113.756047	-4.480697
BLP	SRB	8	113.263383	-5.575759
BLP	SRB	9	112.966712	-6.234898
BLP	SRB	10	112.656555	-6.780535
BLP	SRB	11	112.733300	-7.200000
MKS	SRB	0	119.400000	-5.133300
MKS	SRB	1	116.950000	-5.400000
MKS	SRB	2	113.263383	-5.575759
MKS	SRB	3	112.966712	-6.234898
MKS	SRB	4	112.656555	-6.780535
MKS	SRB	5	112.733300	-7.200000
AMB	DIL	0	128.166700	-3.683300
AMB	DIL	1	129.665895	-5.004875
AMB	DIL	2	129.830852	-5.112073
AMB	DIL	3	127.450000	-8.316700
AMB	DIL	4	126.349640	-8.223723
AMB	DIL	5	125.299072	-8.385431
AMB	DIL	6	125.583300	-8.533300
TER	AMB	0	127.383300	0.783300
TER	AMB	1	126.899812	-2.027240
TER	AMB	2	128.166700	-3.683300
BNA	SRB	0	117.966700	0.983300
BNA	SRB	1	117.855835	0.543815
BNA	SRB	2	117.696533	0.126343
BNA	SRB	3	117.740479	-0.615223
BNA	SRB	4	117.608643	-0.988720
BNA	SRB	5	117.173914	-1.689876
BNA	SRB	6	116.444600	-4.168516
BNA	SRB	7	114.100124	-4.579731
BNA	SRB	8	114.099995	-4.579754
BNA	SRB	9	113.756047	-4.480697
BNA	SRB	10	113.263383	-5.575759
BNA	SRB	11	112.966712	-6.234898
BNA	SRB	12	112.656555	-6.780535
BNA	SRB	13	112.733300	-7.200000
MRY	KKB	0	113.966700	4.383300
MRY	KKB	1	114.584200	6.259600
MRY	KKB	2	115.714472	6.691357
MRY	KKB	3	116.066700	5.983300
ZMB	DAV	0	122.066700	6.900000
ZMB	DAV	1	122.320404	6.725984
ZMB	DAV	2	123.875186	6.172271
ZMB	DAV	3	125.040894	5.756739
ZMB	DAV	4	125.391083	5.479300
ZMB	DAV	5	125.800000	5.700000
ZMB	DAV	6	125.844919	6.668039
ZMB	DAV	7	125.616700	7.066700
GSO	DAV	0	125.183300	6.116700
GSO	DAV	1	125.040894	5.756739
GSO	DAV	2	125.391083	5.479300
GSO	DAV	3	125.800000	5.700000
GSO	DAV	4	125.844919	6.668039
GSO	DAV	5	125.616700	7.066700
CGO	CEB	0	124.666700	8.500000
CGO	CEB	1	123.800000	9.100000
CGO	CEB	2	123.601685	9.552000
CGO	CEB	3	123.840637	10.159505
CGO	CEB	4	123.900000	10.300000
LKA	NUK	0	177.450000	-17.600000
LKA	NUK	1	176.900000	-18.300000
LKA	NUK	2	177.478417	-18.939126
LKA	NUK	3	177.839026	-19.198011
LKA	NUK	4	178.801118	-19.342549
LKA	NUK	5	180.000000	-20.000000
LKA	NUK	6	180.000000	-20.000000
LKA	NUK	7	-175.200000	-21.133300
SUV	LKA	0	178.416700	-18.133300
SUV	LKA	1	176.900000	-18.300000
SUV	LKA	2	177.450000	-17.600000
TAR	HNL	0	172.933300	1.333300
TAR	HNL	1	173.100000	1.100000
TAR	HNL	2	174.895650	3.439050
TAR	HNL	3	176.524100	5.560300
TAR	HNL	4	180.000000	10.000000
TAR	HNL	5	180.000000	10.000000
TAR	HNL	6	182.418100	12.538900
TAR	HNL	7	185.000245	15.170343
TAR	HNL	8	188.315086	18.404118
TAR	HNL	9	190.000000	20.000000
TAR	HNL	10	191.397894	20.157426
TAR	HNL	11	196.142100	20.691700
TAR	HNL	12	-157.860000	21.310000
GUM	MNL	0	144.616700	13.450000
GUM	MNL	1	144.800000	13.500000
GUM	MNL	2	144.404600	14.119600
GUM	MNL	3	144.152298	14.456438
GUM	MNL	4	140.043023	17.673852
GUM	MNL	5	139.999626	17.662724
GUM	MNL	6	137.640100	17.057700
GUM	MNL	7	136.610435	16.758392
GUM	MNL	8	134.123152	16.035377
GUM	MNL	9	131.618800	15.307400
GUM	MNL	10	131.329222	15.214080
GUM	MNL	11	129.999234	14.785477
GUM	MNL	12	125.700000	13.400000
GUM	MNL	13	124.326782	12.940322
GUM	MNL	14	124.163361	12.491554
GUM	MNL	15	123.906555	12.478146
GUM	MNL	16	123.652496	12.775643
GUM	MNL	17	123.368225	12.633638
GUM	MNL	18	122.010986	13.056805
GUM	MNL	19	121.522543	13.368274
GUM	MNL	20	120.724640	13.635310
GUM	MNL	21	120.502167	13.911407
GUM	MNL	22	120.535126	14.262387
GUM	MNL	23	120.960000	14.600000
LAE	POM	0	147.000000	-6.733300
LAE	POM	1	148.673099	-6.628940
LAE	POM	2	151.062012	-8.200616
LAE	POM	3	152.138672	-10.439196
LAE	POM	4	152.105713	-11.013993
LAE	POM	5	152.235448	-11.903124
LAE	POM	6	150.139160	-11.221510
LAE	POM	7	147.000000	-10.000000
LAE	POM	8	147.133300	-9.466700
TAU	AKP	0	176.166700	-37.633300
TAU	AKP	1	175.893188	-36.516825
TAU	AKP	2	175.297852	-36.399178
TAU	AKP	3	174.800000	-36.840000
PTP	VLA	0	158.650000	53.050000
PTP	VLA	1	156.127378	49.643654
PTP	VLA	2	154.193115	50.169862
PTP	VLA	3	144.206543	45.943511
PTP	VLA	4	143.020020	45.706179
PTP	VLA	5	141.581635	45.795507
PTP	VLA	6	140.898134	45.837904
PTP	VLA	7	133.700000	42.700000
PTP	VLA	8	132.000000	42.300000
PTP	VLA	9	131.900000	43.100000
PVK	PRV	0	170.300000	69.716700
PVK	PRV	1	167.695313	70.377854
PVK	PRV	2	165.333252	70.598021
PVK	PRV	3	159.257813	71.663663
PVK	PRV	4	152.566956	72.614433
PVK	PRV	5	145.561900	73.058584
PVK	PRV	6	138.691406	73.073844
PVK	PRV	7	135.878906	72.422268
PVK	PRV	8	132.187500	72.633374
PVK	PRV	9	130.429688	73.627789
PVK	PRV	10	127.089844	74.259738
PVK	PRV	11	122.080078	74.543330
PVK	PRV	12	119.970703	75.430979
PVK	PRV	13	114.169922	77.427824
PVK	PRV	14	105.732422	77.989049
PVK	PRV	15	100.546875	77.655346
PVK	PRV	16	93.515625	77.254479
PVK	PRV	17	89.824219	76.142958
PVK	PRV	18	81.738281	74.543330
PVK	PRV	19	76.226700	73.717800
PVK	PRV	20	72.271600	73.742500
PVK	PRV	21	69.591000	73.680800
PVK	PRV	22	60.538200	71.290800
PVK	PRV	23	57.550000	70.204300
PVK	PRV	24	56.934700	69.485100
PVK	PRV	25	45.833919	69.551660
PVK	PRV	26	32.034679	70.633107
PVK	PRV	27	27.100000	71.300000
PVK	PRV	28	23.400000	71.150000
PVK	PRV	29	20.921784	70.740799
PVK	PRV	30	17.000000	70.000000
PVK	PRV	31	-8.687500	70.758100
PVK	PRV	32	-17.456723	69.574068
PVK	PRV	33	-22.788155	68.857984
PVK	PRV	34	-31.819100	66.907700
PVK	PRV	35	-36.850700	65.030400
PVK	PRV	36	-39.017100	62.947400
PVK	PRV	37	-40.000000	60.000000
PVK	PRV	38	-42.671671	57.674392
PVK	PRV	39	-45.247350	55.432342
PVK	PRV	40	-45.625700	55.103000
PVK	PRV	41	-47.662265	52.727171
PVK	PRV	42	-50.000000	50.000000
PVK	PRV	43	-52.700000	46.800000
PVK	PRV	44	-54.000000	46.100000
PVK	PRV	45	-55.000000	45.000000
PVK	PRV	46	-60.561800	42.993600
PVK	PRV	47	-63.295397	41.804622
PVK	PRV	48	-64.632986	41.222837
PVK	PRV	49	-65.753200	40.735600
PVK	PRV	50	-66.667038	40.268045
PVK	PRV	51	-68.618387	39.269660
PVK	PRV	52	-68.792396	39.180631
PVK	PRV	53	-69.241398	38.950904
PVK	PRV	54	-69.375650	38.882215
PVK	PRV	55	-69.604627	38.144677
PVK	PRV	56	-69.810817	37.362267
PVK	PRV	57	-69.848971	37.216292
PVK	PRV	58	-69.880311	37.096388
PVK	PRV	59	-69.964704	36.773507
PVK	PRV	60	-70.106939	36.229325
PVK	PRV	61	-70.136352	36.116797
PVK	PRV	62	-70.617007	34.277845
PVK	PRV	63	-71.121104	32.349208
PVK	PRV	64	-71.294050	31.627217
PVK	PRV	65	-71.330979	31.465010
PVK	PRV	66	-71.479593	30.812221
PVK	PRV	67	-71.479597	30.812206
PVK	PRV	68	-71.557009	30.472172
PVK	PRV	69	-71.619263	30.198724
PVK	PRV	70	-71.643236	30.093423
PVK	PRV	71	-71.830207	29.272154
PVK	PRV	72	-72.164258	27.804838
PVK	PRV	73	-72.345858	27.007159
PVK	PRV	74	-72.416539	26.696695
PVK	PRV	75	-72.601429	25.865017
PVK	PRV	76	-72.911918	24.345691
PVK	PRV	77	-73.144706	23.206576
PVK	PRV	78	-73.420447	22.239253
PVK	PRV	79	-73.557010	21.779812
PVK	PRV	80	-73.811646	20.915266
PVK	PRV	81	-73.898851	20.346136
PVK	PRV	82	-73.900000	20.000000
PVK	PRV	83	-74.696227	18.915600
PVK	PRV	84	-75.000000	18.500000
PVK	PRV	85	-75.408284	17.801104
PVK	PRV	86	-75.900579	16.958398
PVK	PRV	87	-76.604059	15.754186
PVK	PRV	88	-77.163290	14.773087
PVK	PRV	89	-77.638723	13.975975
PVK	PRV	90	-80.000000	9.750000
PVK	PRV	91	-79.900612	9.208176
PVK	PRV	92	-79.821304	9.173012
PVK	PRV	93	-79.803246	9.118307
PVK	PRV	94	-79.741379	9.118236
PVK	PRV	95	-79.689331	9.106390
PVK	PRV	96	-79.641747	9.035982
PVK	PRV	97	-79.585922	8.992656
PVK	PRV	98	-79.494118	8.796576
PVK	PRV	99	-79.500000	8.600000
PVK	PRV	100	-79.672852	7.422389
PVK	PRV	101	-80.227822	6.983728
PVK	PRV	102	-81.400000	6.900000
PVK	PRV	103	-82.800000	7.416700
PVK	PRV	104	-87.997356	10.035818
PVK	PRV	105	-89.110835	10.580401
PVK	PRV	106	-90.991341	11.488840
PVK	PRV	107	-99.913376	15.630550
PVK	PRV	108	-105.500000	18.000000
PVK	PRV	109	-107.206290	19.341106
PVK	PRV	110	-108.235700	20.150200
PVK	PRV	111	-109.832589	21.395093
PVK	PRV	112	-111.006700	22.310400
PVK	PRV	113	-113.450800	24.926000
PVK	PRV	114	-116.130461	27.989265
PVK	PRV	115	-117.491362	28.696433
PVK	PRV	116	-120.000000	30.000000
PVK	PRV	117	-122.269889	32.467910
PVK	PRV	118	-122.645883	32.876705
PVK	PRV	119	-124.684237	35.092881
PVK	PRV	120	-124.692900	35.102300
PVK	PRV	121	-125.084311	35.463517
PVK	PRV	122	-125.796130	36.120424
PVK	PRV	123	-126.186601	36.480774
PVK	PRV	124	-126.379475	36.658770
PVK	PRV	125	-129.449511	39.491976
PVK	PRV	126	-130.000000	40.000000
PVK	PRV	127	-130.834275	40.889326
PVK	PRV	128	-132.290903	42.442073
PVK	PRV	129	-132.364781	42.520826
PVK	PRV	130	-133.521718	43.754106
PVK	PRV	131	-133.790236	44.040343
PVK	PRV	132	-134.719100	45.030500
PVK	PRV	133	-135.113330	45.401483
PVK	PRV	134	-139.740465	49.755769
PVK	PRV	135	-140.000112	49.812838
PVK	PRV	136	-140.167264	49.849577
PVK	PRV	137	-140.851649	50.000000
PVK	PRV	138	-144.049200	50.702800
PVK	PRV	139	-149.792050	52.313580
PVK	PRV	140	-150.618484	52.545381
PVK	PRV	141	-152.454508	53.060358
PVK	PRV	142	-155.057300	53.790400
PVK	PRV	143	-156.381717	53.791822
PVK	PRV	144	-156.383200	53.791823
PVK	PRV	145	-163.333885	54.173923
PVK	PRV	146	-164.716056	54.317448
PVK	PRV	147	-164.969330	54.426920
PVK	PRV	148	-165.306951	54.743909
PVK	PRV	149	-165.098800	55.698100
PVK	PRV	150	-165.253400	56.507900
PVK	PRV	151	-166.588200	57.604600
PVK	PRV	152	-168.574400	59.042100
PVK	PRV	153	-168.858400	60.482000
PVK	PRV	154	-168.595600	61.778600
PVK	PRV	155	-168.271900	62.471400
PVK	PRV	156	-167.359600	63.148000
PVK	PRV	157	-167.009100	63.630500
PVK	PRV	158	-167.313500	63.932200
PVK	PRV	159	-168.039583	64.273455
PVK	PRV	160	-173.233300	64.416700
TIX	DSN	0	128.866700	71.633300
TIX	DSN	1	127.089844	74.259738
TIX	DSN	2	122.080078	74.543330
TIX	DSN	3	119.970703	75.430979
TIX	DSN	4	114.169922	77.427824
TIX	DSN	5	105.732422	77.989049
TIX	DSN	6	100.546875	77.655346
TIX	DSN	7	93.515625	77.254479
TIX	DSN	8	89.824219	76.142958
TIX	DSN	9	80.516700	73.500000
DSN	ARK	0	80.516700	73.500000
DSN	ARK	1	76.226700	73.717800
DSN	ARK	2	72.271600	73.742500
DSN	ARK	3	69.591000	73.680800
DSN	ARK	4	60.538200	71.290800
DSN	ARK	5	57.550000	70.204300
DSN	ARK	6	56.934700	69.485100
DSN	ARK	7	45.833919	69.551660
DSN	ARK	8	39.248681	69.592842
DSN	ARK	9	35.555300	69.554300
DSN	ARK	10	41.202300	67.880300
DSN	ARK	11	41.597800	67.038100
DSN	ARK	12	40.908135	66.459280
DSN	ARK	13	39.407547	65.483195
DSN	ARK	14	40.533300	64.533300
ARK	TOS	0	40.533300	64.533300
ARK	TOS	1	39.407547	65.483195
ARK	TOS	2	40.908135	66.459280
ARK	TOS	3	41.597800	67.038100
ARK	TOS	4	41.202300	67.880300
ARK	TOS	5	35.555300	69.554300
ARK	TOS	6	33.402000	69.927100
ARK	TOS	7	32.034679	70.633107
ARK	TOS	8	27.100000	71.300000
ARK	TOS	9	23.400000	71.150000
ARK	TOS	10	20.921784	70.740799
ARK	TOS	11	18.960000	69.650000
SDV	TOS	0	39.783300	64.566700
SDV	TOS	1	39.407547	65.483195
SDV	TOS	2	40.908135	66.459280
SDV	TOS	3	41.597800	67.038100
SDV	TOS	4	41.202300	67.880300
SDV	TOS	5	35.555300	69.554300
SDV	TOS	6	33.402000	69.927100
SDV	TOS	7	32.034679	70.633107
SDV	TOS	8	27.100000	71.300000
SDV	TOS	9	23.400000	71.150000
SDV	TOS	10	20.921784	70.740799
SDV	TOS	11	18.960000	69.650000
PRV	ANC	0	-173.233300	64.416700
PRV	ANC	1	-168.039583	64.273455
PRV	ANC	2	-167.313500	63.932200
PRV	ANC	3	-167.009100	63.630500
PRV	ANC	4	-167.359600	63.148000
PRV	ANC	5	-168.271900	62.471400
PRV	ANC	6	-168.595600	61.778600
PRV	ANC	7	-168.858400	60.482000
PRV	ANC	8	-168.574400	59.042100
PRV	ANC	9	-166.588200	57.604600
PRV	ANC	10	-165.253400	56.507900
PRV	ANC	11	-165.098800	55.698100
PRV	ANC	12	-165.306951	54.743909
PRV	ANC	13	-164.969330	54.426920
PRV	ANC	14	-164.716056	54.317448
PRV	ANC	15	-164.255900	54.055800
PRV	ANC	16	-162.559690	54.272848
PRV	ANC	17	-162.094300	54.332400
PRV	ANC	18	-160.954900	54.724600
PRV	ANC	19	-160.157100	55.198300
PRV	ANC	20	-159.836700	55.334800
PRV	ANC	21	-159.169700	55.300600
PRV	ANC	22	-158.547300	55.399300
PRV	ANC	23	-156.747300	55.940800
PRV	ANC	24	-155.953600	56.629600
PRV	ANC	25	-155.409500	57.277400
PRV	ANC	26	-152.862700	58.896100
PRV	ANC	27	-152.335100	59.528600
PRV	ANC	28	-152.246900	59.638300
PRV	ANC	29	-152.204400	59.681400
PRV	ANC	30	-152.002900	60.150800
PRV	ANC	31	-151.968600	60.195800
PRV	ANC	32	-151.732700	60.526900
PRV	ANC	33	-151.529800	60.783800
PRV	ANC	34	-151.068300	60.960000
PRV	ANC	35	-150.933400	61.025200
PRV	ANC	36	-150.524500	61.140700
PRV	ANC	37	-150.393800	61.166700
PRV	ANC	38	-150.241100	61.073700
PRV	ANC	39	-149.900000	61.200000
KOR	VLA	0	142.766700	46.616700
KOR	VLA	1	143.020020	45.706179
KOR	VLA	2	141.581635	45.795507
KOR	VLA	3	140.898134	45.837904
KOR	VLA	4	133.700000	42.700000
KOR	VLA	5	132.000000	42.300000
KOR	VLA	6	131.900000	43.100000
KAL	GDN	0	20.483300	54.700000
KAL	GDN	1	19.941387	54.615126
KAL	GDN	2	19.000000	55.000000
KAL	GDN	3	18.666700	54.350000
GRN	REK	0	-51.100000	69.216700
GRN	REK	1	-54.200000	69.000000
GRN	REK	2	-54.360352	66.644268
GRN	REK	3	-53.342201	64.813883
GRN	REK	4	-52.465210	63.665760
GRN	REK	5	-49.021496	60.448011
GRN	REK	6	-44.200000	58.600000
GRN	REK	7	-40.000000	60.000000
GRN	REK	8	-34.586379	60.000000
GRN	REK	9	-32.728816	60.891962
GRN	REK	10	-32.728814	60.891963
GRN	REK	11	-32.203100	61.144400
GRN	REK	12	-27.504629	62.740016
GRN	REK	13	-23.500000	64.100000
GRN	REK	14	-22.865725	64.156104
GRN	REK	15	-21.940000	64.150000
NUU	REK	0	-51.750000	64.183300
NUU	REK	1	-52.465210	63.665760
NUU	REK	2	-49.021496	60.448011
NUU	REK	3	-44.200000	58.600000
NUU	REK	4	-40.000000	60.000000
NUU	REK	5	-34.586379	60.000000
NUU	REK	6	-32.728816	60.891962
NUU	REK	7	-32.728814	60.891963
NUU	REK	8	-32.203100	61.144400
NUU	REK	9	-27.504629	62.740016
NUU	REK	10	-23.500000	64.100000
NUU	REK	11	-22.865725	64.156104
NUU	REK	12	-21.940000	64.150000
PLU	CPT	0	57.500000	-20.150000
PLU	CPT	1	55.286166	-20.924411
PLU	CPT	2	48.100000	-26.400000
PLU	CPT	3	44.117600	-28.259500
PLU	CPT	4	40.000000	-30.000000
PLU	CPT	5	34.357900	-31.878900
PLU	CPT	6	28.500000	-33.500000
PLU	CPT	7	26.000000	-34.500000
PLU	CPT	8	22.000000	-35.000000
PLU	CPT	9	18.000000	-35.000000
PLU	CPT	10	18.237305	-33.840764
PLU	CPT	11	18.350000	-33.900000
LOB	CPT	0	13.566700	-12.333300
LOB	CPT	1	12.378394	-12.723286
LOB	CPT	2	11.000000	-15.500000
LOB	CPT	3	11.000000	-19.000000
LOB	CPT	4	13.809440	-22.909209
LOB	CPT	5	14.534912	-26.863281
LOB	CPT	6	18.237305	-33.840764
LOB	CPT	7	18.350000	-33.900000
TEM	CNK	0	0.016700	5.616700
TEM	CNK	1	0.016479	5.304297
TEM	CNK	2	-1.323853	4.729727
TEM	CNK	3	-2.092896	4.439521
TEM	CNK	4	-4.031982	4.866574
TEM	CNK	5	-6.470947	4.538094
TEM	CNK	6	-7.500000	3.500000
TEM	CNK	7	-11.500000	5.500000
TEM	CNK	8	-14.500000	8.500000
TEM	CNK	9	-13.716700	9.516700
DAK	CAS	0	-17.433300	14.683300
DAK	CAS	1	-18.000000	15.000000
DAK	CAS	2	-18.000000	21.000000
DAK	CAS	3	-13.963623	27.410786
DAK	CAS	4	-12.194387	29.156452
DAK	CAS	5	-10.100000	31.800000
DAK	CAS	6	-8.751058	33.623031
DAK	CAS	7	-7.787500	34.076471
DAK	CAS	8	-7.616700	33.600000
JID	ALX	0	39.183300	21.483300
JID	ALX	1	37.786499	22.210682
JID	ALX	2	37.000000	23.600000
JID	ALX	3	34.500000	27.000000
JID	ALX	4	33.233643	28.444544
JID	ALX	5	32.600000	29.700000
JID	ALX	6	32.557983	30.213982
JID	ALX	7	32.382202	30.318359
JID	ALX	8	32.310104	31.102922
JID	ALX	9	32.359877	31.336373
JID	ALX	10	32.100000	31.700000
JID	ALX	11	30.072508	31.744076
JID	ALX	12	29.880000	31.200000
DJI	MMB	0	43.133300	11.600000
DJI	MMB	1	45.000000	12.000000
DJI	MMB	2	50.856149	12.884027
DJI	MMB	3	52.300000	11.600000
DJI	MMB	4	50.837900	8.302900
DJI	MMB	5	49.400000	5.000000
DJI	MMB	6	45.852351	1.732747
DJI	MMB	7	43.000000	-1.000000
DJI	MMB	8	40.300000	-4.200000
DJI	MMB	9	39.670000	-4.050000
MMB	PLU	0	39.670000	-4.050000
MMB	PLU	1	40.300000	-4.200000
MMB	PLU	2	40.000000	-6.500000
MMB	PLU	3	44.496583	-8.106077
MMB	PLU	4	50.000000	-10.000000
MMB	PLU	5	52.090720	-12.822235
MMB	PLU	6	53.773245	-15.071032
MMB	PLU	7	54.886062	-16.566596
MMB	PLU	8	57.500000	-20.150000
CPT	MCM	0	18.350000	-33.900000
CPT	MCM	1	18.237305	-33.840764
CPT	MCM	2	18.000000	-35.000000
CPT	MCM	3	20.000000	-40.000000
CPT	MCM	4	25.000000	-45.219281
CPT	MCM	5	30.000000	-50.000000
CPT	MCM	6	40.000000	-50.000000
CPT	MCM	7	50.000000	-50.000000
CPT	MCM	8	60.000000	-50.000000
CPT	MCM	9	70.000000	-50.000000
CPT	MCM	10	80.000000	-50.000000
CPT	MCM	11	90.000000	-50.000000
CPT	MCM	12	100.000000	-50.000000
CPT	MCM	13	110.000000	-50.000000
CPT	MCM	14	120.000000	-50.000000
CPT	MCM	15	130.000000	-50.000000
CPT	MCM	16	140.000000	-50.000000
CPT	MCM	17	150.000000	-50.000000
CPT	MCM	18	160.000000	-50.000000
CPT	MCM	19	170.000000	-50.000000
CPT	MCM	20	180.000000	-60.000000
CPT	MCM	21	166.670000	-77.850000
MPL	VLP	0	-57.533300	-38.033300
MPL	VLP	1	-58.210310	-38.532436
MPL	VLP	2	-60.221419	-39.041198
MPL	VLP	3	-61.250000	-39.300000
MPL	VLP	4	-63.693511	-43.089831
MPL	VLP	5	-65.214844	-45.644768
MPL	VLP	6	-65.400000	-47.750000
MPL	VLP	7	-68.000000	-52.400000
MPL	VLP	8	-68.553423	-52.479327
MPL	VLP	9	-69.175415	-52.362183
MPL	VLP	10	-70.450000	-52.750100
MPL	VLP	11	-70.677795	-53.386605
MPL	VLP	12	-71.048584	-54.014225
MPL	VLP	13	-72.155457	-53.695080
MPL	VLP	14	-72.372437	-53.553363
MPL	VLP	15	-72.586670	-53.550099
MPL	VLP	16	-73.262329	-53.252069
MPL	VLP	17	-73.443604	-53.090725
MPL	VLP	18	-74.701538	-52.659726
MPL	VLP	19	-75.101482	-52.587619
MPL	VLP	20	-75.454102	-52.099757
MPL	VLP	21	-75.860500	-51.434400
MPL	VLP	22	-75.966507	-48.912099
MPL	VLP	23	-76.500000	-46.500100
MPL	VLP	24	-75.613403	-44.374913
MPL	VLP	25	-75.428958	-43.192207
MPL	VLP	26	-75.000000	-41.300000
MPL	VLP	27	-73.778859	-36.656922
MPL	VLP	28	-73.108521	-36.071302
MPL	VLP	29	-71.616700	-33.033300
USH	MCM	0	-68.300000	-54.816700
USH	MCM	1	-69.194410	-55.868696
USH	MCM	2	-69.569504	-55.773762
USH	MCM	3	-71.385000	-55.360800
USH	MCM	4	-74.911991	-55.120293
USH	MCM	5	-76.424910	-55.017126
USH	MCM	6	-79.995896	-54.773618
USH	MCM	7	-83.865677	-54.509736
USH	MCM	8	-85.799354	-54.377877
USH	MCM	9	-89.996483	-54.091673
USH	MCM	10	-96.500241	-53.648178
USH	MCM	11	-150.000000	-50.000000
USH	MCM	12	-160.000000	-50.000000
USH	MCM	13	-170.000000	-50.000000
USH	MCM	14	-180.000000	-50.000000
USH	MCM	15	-180.000000	-50.000000
USH	MCM	16	-180.000000	-60.000000
USH	MCM	17	166.670000	-77.850000
PMT	CLL	0	-72.966700	-41.483300
PMT	CLL	1	-72.776184	-41.687271
PMT	CLL	2	-72.954712	-42.012571
PMT	CLL	3	-73.392792	-41.824549
PMT	CLL	4	-73.872070	-41.755947
PMT	CLL	5	-75.000000	-41.300000
PMT	CLL	6	-73.778859	-36.656922
PMT	CLL	7	-73.520446	-34.438525
PMT	CLL	8	-74.205197	-32.219927
PMT	CLL	9	-74.725584	-27.470884
PMT	CLL	10	-74.650508	-24.562506
PMT	CLL	11	-75.293487	-20.160370
PMT	CLL	12	-77.000000	-13.700000
PMT	CLL	13	-77.150000	-12.050000
ANT	CLL	0	-70.416700	-23.650000
ANT	CLL	1	-70.631104	-20.231275
ANT	CLL	2	-71.000000	-18.900000
ANT	CLL	3	-72.700000	-17.300000
ANT	CLL	4	-75.168457	-15.919074
ANT	CLL	5	-77.000000	-13.700000
ANT	CLL	6	-77.150000	-12.050000
PAI	MNL	0	-81.116700	-5.083300
PAI	MNL	1	-81.900000	-5.250000
PAI	MNL	2	-81.250000	-3.000000
PAI	MNL	3	-81.800000	-0.900000
PAI	MNL	4	-87.763055	-0.246205
PAI	MNL	5	-88.692785	0.921943
PAI	MNL	6	-89.593893	2.054130
PAI	MNL	7	-90.595838	3.313011
PAI	MNL	8	-91.358700	4.271500
PAI	MNL	9	-92.014504	4.908160
PAI	MNL	10	-93.520561	6.370254
PAI	MNL	11	-97.481215	10.215292
PAI	MNL	12	-97.671769	10.400284
PAI	MNL	13	-99.959671	12.621399
PAI	MNL	14	-100.306659	12.958258
PAI	MNL	15	-103.664642	13.916211
PAI	MNL	16	-106.826043	14.776643
PAI	MNL	17	-110.000704	15.600460
PAI	MNL	18	-111.954512	16.074588
PAI	MNL	19	-112.560328	16.221600
PAI	MNL	20	-113.662620	16.489092
PAI	MNL	21	-117.107112	17.248726
PAI	MNL	22	-118.468000	17.547100
PAI	MNL	23	-120.000345	17.844977
PAI	MNL	24	-121.887858	18.211897
PAI	MNL	25	-123.133800	18.454100
PAI	MNL	26	-127.846300	19.249800
PAI	MNL	27	-129.448998	19.478208
PAI	MNL	28	-130.000071	19.556744
PAI	MNL	29	-130.406788	19.614707
PAI	MNL	30	-133.170208	19.993165
PAI	MNL	31	-133.669159	20.050785
PAI	MNL	32	-137.394500	20.481000
PAI	MNL	33	-139.381413	20.655671
PAI	MNL	34	-140.000199	20.710069
PAI	MNL	35	-140.730414	20.774263
PAI	MNL	36	-142.218700	20.905100
PAI	MNL	37	-147.066400	21.195900
PAI	MNL	38	-148.819170	21.251621
PAI	MNL	39	-150.000361	21.289172
PAI	MNL	40	-151.253697	21.329016
PAI	MNL	41	-151.929500	21.350500
PAI	MNL	42	-156.799100	21.367300
PAI	MNL	43	-157.322700	21.333700
PAI	MNL	44	-157.670000	21.166700
PAI	MNL	45	-163.857900	20.691700
PAI	MNL	46	-168.602106	20.157426
PAI	MNL	47	-170.000000	20.000000
PAI	MNL	48	-180.000000	20.000000
PAI	MNL	49	-180.000000	20.000000
PAI	MNL	50	-186.259100	19.857300
PAI	MNL	51	-192.500000	19.500000
PAI	MNL	52	-196.243900	19.788300
PAI	MNL	53	-200.000000	20.000000
PAI	MNL	54	-204.292678	20.059415
PAI	MNL	55	-204.999600	20.069200
PAI	MNL	56	-210.000000	20.000000
PAI	MNL	57	-213.563038	19.216148
PAI	MNL	58	-216.232400	18.628900
PAI	MNL	59	-218.531439	18.039385
PAI	MNL	60	-219.956977	17.673852
PAI	MNL	61	-220.000374	17.662724
PAI	MNL	62	-222.359900	17.057700
PAI	MNL	63	-223.389565	16.758392
PAI	MNL	64	-225.876848	16.035377
PAI	MNL	65	-228.381200	15.307400
PAI	MNL	66	-228.670778	15.214080
PAI	MNL	67	-230.000766	14.785477
PAI	MNL	68	-234.300000	13.400000
PAI	MNL	69	-235.673218	12.940322
PAI	MNL	70	-235.836639	12.491554
PAI	MNL	71	-236.093445	12.478146
PAI	MNL	72	-236.347504	12.775643
PAI	MNL	73	-236.631775	12.633638
PAI	MNL	74	-237.989014	13.056805
PAI	MNL	75	-238.477457	13.368274
PAI	MNL	76	-239.275360	13.635310
PAI	MNL	77	-239.497833	13.911407
PAI	MNL	78	-239.464874	14.262387
PAI	MNL	79	120.960000	14.600000
GUA	CTG	0	-79.883300	-2.200000
GUA	CTG	1	-80.110931	-2.634417
GUA	CTG	2	-80.474854	-2.981442
GUA	CTG	3	-81.250000	-3.000000
GUA	CTG	4	-81.800000	-0.900000
GUA	CTG	5	-81.176151	1.848430
GUA	CTG	6	-80.903300	3.050500
GUA	CTG	7	-80.412834	5.194964
GUA	CTG	8	-79.672852	7.422389
GUA	CTG	9	-79.500000	8.600000
GUA	CTG	10	-79.494118	8.796576
GUA	CTG	11	-79.585922	8.992656
GUA	CTG	12	-79.641747	9.035982
GUA	CTG	13	-79.689331	9.106390
GUA	CTG	14	-79.741379	9.118236
GUA	CTG	15	-79.803246	9.118307
GUA	CTG	16	-79.821304	9.173012
GUA	CTG	17	-79.900612	9.208176
GUA	CTG	18	-80.000000	9.750000
GUA	CTG	19	-76.110589	10.250306
GUA	CTG	20	-75.631256	10.310866
GUA	CTG	21	-75.536156	10.312555
GUA	CTG	22	-75.533300	10.416700
CTG	MIA	0	-75.533300	10.416700
CTG	MIA	1	-75.536156	10.312555
CTG	MIA	2	-75.631256	10.310866
CTG	MIA	3	-76.110589	10.250306
CTG	MIA	4	-80.000000	9.750000
CTG	MIA	5	-77.638723	13.975975
CTG	MIA	6	-77.163290	14.773087
CTG	MIA	7	-76.604059	15.754186
CTG	MIA	8	-75.900579	16.958398
CTG	MIA	9	-75.408284	17.801104
CTG	MIA	10	-75.000000	18.500000
CTG	MIA	11	-74.696227	18.915600
CTG	MIA	12	-73.900000	20.000000
CTG	MIA	13	-73.898851	20.346136
CTG	MIA	14	-75.200000	21.500000
CTG	MIA	15	-75.703573	22.244412
CTG	MIA	16	-77.500000	24.900000
CTG	MIA	17	-77.903071	25.334542
CTG	MIA	18	-78.921280	25.397091
CTG	MIA	19	-79.815000	25.790300
CTG	MIA	20	-79.954500	25.792100
CTG	MIA	21	-80.140000	25.770000
PBO	BLB	0	-71.966700	12.250000
PBO	BLB	1	-74.685831	11.598822
PBO	BLB	2	-80.000000	9.750000
PBO	BLB	3	-79.900612	9.208176
PBO	BLB	4	-79.821304	9.173012
PBO	BLB	5	-79.803246	9.118307
PBO	BLB	6	-79.741379	9.118236
PBO	BLB	7	-79.689331	9.106390
PBO	BLB	8	-79.641747	9.035982
PBO	BLB	9	-79.566700	8.950000
VRC	MIA	0	-96.133300	19.200000
VRC	MIA	1	-96.000000	19.500000
VRC	MIA	2	-94.458526	20.147220
VRC	MIA	3	-93.537852	20.532514
VRC	MIA	4	-89.800000	22.100000
VRC	MIA	5	-87.881904	22.720772
VRC	MIA	6	-87.874214	22.723261
VRC	MIA	7	-87.502306	22.843625
VRC	MIA	8	-87.312839	22.904944
VRC	MIA	9	-87.183503	22.946802
VRC	MIA	10	-87.111733	22.970030
VRC	MIA	11	-86.682071	23.109086
VRC	MIA	12	-86.499022	23.168327
VRC	MIA	13	-86.437281	23.188309
VRC	MIA	14	-86.308394	23.230022
VRC	MIA	15	-86.278800	23.239600
VRC	MIA	16	-85.949199	23.337261
VRC	MIA	17	-85.185687	23.563490
VRC	MIA	18	-82.700000	24.300000
VRC	MIA	19	-81.825000	24.218700
VRC	MIA	20	-80.900000	24.600000
VRC	MIA	21	-81.112200	24.627100
VRC	MIA	22	-81.036200	24.635600
VRC	MIA	23	-80.764100	24.740200
VRC	MIA	24	-80.433200	24.956100
VRC	MIA	25	-80.325600	25.039400
VRC	MIA	26	-80.169400	25.237500
VRC	MIA	27	-80.093400	25.479600
VRC	MIA	28	-80.087200	25.542100
VRC	MIA	29	-80.140000	25.770000
ENS	PVA	0	-116.633300	31.866700
ENS	PVA	1	-115.200000	27.500000
ENS	PVA	2	-112.510986	24.716895
ENS	PVA	3	-109.700000	22.500000
ENS	PVA	4	-108.171387	23.503552
ENS	PVA	5	-106.545410	23.059516
ENS	PVA	6	-105.266700	20.616700
ITJ	SUE	0	-48.633300	-26.916700
ITJ	SUE	1	-48.538971	-26.149274
ITJ	SUE	2	-48.289032	-26.181321
ITJ	SUE	3	-44.676636	-25.772514
ITJ	SUE	4	-41.300000	-23.500000
ITJ	SUE	5	-39.500000	-20.000000
ITJ	SUE	6	-37.820200	-16.507100
ITJ	SUE	7	-36.200000	-13.000000
ITJ	SUE	8	-35.073853	-9.849804
ITJ	SUE	9	-34.205933	-8.091862
ITJ	SUE	10	-34.966700	-8.400000
REC	LUA	0	-34.866700	-8.050000
REC	LUA	1	-34.205933	-8.091862
REC	LUA	2	-31.512200	-8.109750
REC	LUA	3	-30.000000	-10.000000
REC	LUA	4	-27.018677	-10.021884
REC	LUA	5	-25.000200	-10.036700
REC	LUA	6	-20.000000	-10.000000
REC	LUA	7	-15.000200	-10.036700
REC	LUA	8	-12.525110	-10.018534
REC	LUA	9	-10.000000	-10.000000
REC	LUA	10	-1.989182	-10.014600
REC	LUA	11	0.000000	-10.000000
REC	LUA	12	3.739652	-9.720292
REC	LUA	13	6.008400	-9.550600
REC	LUA	14	7.407465	-9.422032
REC	LUA	15	7.601488	-9.404203
REC	LUA	16	12.000000	-9.000000
REC	LUA	17	13.250000	-8.800000
SUE	BEL	0	-34.966700	-8.400000
SUE	BEL	1	-34.205933	-8.091862
SUE	BEL	2	-33.975220	-6.959144
SUE	BEL	3	-34.398193	-5.555848
SUE	BEL	4	-34.860393	-4.720374
SUE	BEL	5	-38.100000	-3.100000
SUE	BEL	6	-43.900000	-1.400000
SUE	BEL	7	-48.000000	-0.000010
SUE	BEL	8	-48.400269	-0.977736
SUE	BEL	9	-48.500000	-1.450000
MND	RTA	0	69.706700	22.728300
MND	RTA	1	68.719482	22.543001
MND	RTA	2	66.600000	24.300000
MND	RTA	3	63.300000	24.600000
MND	RTA	4	57.100000	25.500000
MND	RTA	5	56.931531	25.961959
MND	RTA	6	56.763061	26.422112
MND	RTA	7	56.547226	26.511054
MND	RTA	8	56.343384	26.441066
MND	RTA	9	55.345025	26.132657
MND	RTA	10	55.064332	26.151124
MND	RTA	11	54.399148	26.194877
MND	RTA	12	53.148966	26.254880
MND	RTA	13	51.600000	26.300000
MND	RTA	14	50.243413	26.805152
MND	RTA	15	50.160000	26.640000
MUM	CMB	0	72.850000	18.950000
MUM	CMB	1	72.400000	19.000000
MUM	CMB	2	73.000000	15.300000
MUM	CMB	3	74.133516	12.773359
MUM	CMB	4	75.300000	9.700000
MUM	CMB	5	77.000000	8.000000
MUM	CMB	6	79.800000	6.930000
KOC	MLE	0	76.270000	9.970000
KOC	MLE	1	75.300000	9.700000
KOC	MLE	2	77.000000	8.000000
KOC	MLE	3	75.966807	6.966807
KOC	MLE	4	73.845613	4.845613
KOC	MLE	5	73.510000	4.180000
CHN	PTK	0	80.330000	13.100000
CHN	PTK	1	81.000000	13.000000
CHN	PTK	2	82.998315	12.032454
CHN	PTK	3	83.978619	11.556515
CHN	PTK	4	84.776876	11.169668
CHN	PTK	5	85.694628	10.724911
CHN	PTK	6	94.326449	6.157121
CHN	PTK	7	98.128129	5.811729
CHN	PTK	8	99.763807	4.084523
CHN	PTK	9	100.600000	3.200000
CHN	PTK	10	101.273346	3.122690
CHN	PTK	11	101.346130	3.074695
CHN	PTK	12	101.360000	3.000000
KOL	CHT	0	88.320000	22.550000
KOL	CHT	1	88.206482	22.065278
KOL	CHT	2	87.938690	21.684229
KOL	CHT	3	88.000000	21.000000
KOL	CHT	4	90.000000	21.674000
KOL	CHT	5	91.000000	22.000000
KOL	CHT	6	91.629500	21.799400
KOL	CHT	7	91.800000	22.280000
PBL	SGP	0	92.750000	11.683300
PBL	SGP	1	98.128129	5.811729
PBL	SGP	2	99.763807	4.084523
PBL	SGP	3	100.600000	3.200000
PBL	SGP	4	101.316415	2.586072
PBL	SGP	5	102.000000	2.000000
PBL	SGP	6	103.600000	1.100000
PBL	SGP	7	103.658066	1.197766
PBL	SGP	8	103.820000	1.260000
GWD	RTA	0	62.300000	25.133300
GWD	RTA	1	57.100000	25.500000
GWD	RTA	2	56.931531	25.961959
GWD	RTA	3	56.763061	26.422112
GWD	RTA	4	56.547226	26.511054
GWD	RTA	5	56.343384	26.441066
GWD	RTA	6	55.345025	26.132657
GWD	RTA	7	55.064332	26.151124
GWD	RTA	8	54.399148	26.194877
GWD	RTA	9	53.148966	26.254880
GWD	RTA	10	51.600000	26.300000
GWD	RTA	11	50.243413	26.805152
GWD	RTA	12	50.160000	26.640000
PTK	JKT	0	101.360000	3.000000
PTK	JKT	1	101.346130	3.074695
PTK	JKT	2	101.273346	3.122690
PTK	JKT	3	100.600000	3.200000
PTK	JKT	4	101.316415	2.586072
PTK	JKT	5	102.000000	2.000000
PTK	JKT	6	103.600000	1.100000
PTK	JKT	7	103.623047	0.738810
PTK	JKT	8	103.842773	0.568533
PTK	JKT	9	104.137095	-0.586620
PTK	JKT	10	105.063239	-2.168977
PTK	JKT	11	105.686282	-2.345649
PTK	JKT	12	105.905189	-2.892342
PTK	JKT	13	106.100000	-3.000000
PTK	JKT	14	106.800000	-5.200000
PTK	JKT	15	106.868134	-5.916581
PTK	JKT	16	106.880000	-6.100000
JKT	DAR	0	106.880000	-6.100000
JKT	DAR	1	106.868134	-5.916581
JKT	DAR	2	106.800000	-5.200000
JKT	DAR	3	111.762484	-5.636840
JKT	DAR	4	112.966712	-6.234898
JKT	DAR	5	116.121303	-7.493125
JKT	DAR	6	116.764022	-7.902296
JKT	DAR	7	119.410400	-7.977638
JKT	DAR	8	119.295044	-8.771082
JKT	DAR	9	119.644225	-9.086977
JKT	DAR	10	122.779342	-10.176353
JKT	DAR	11	123.397064	-10.390572
JKT	DAR	12	125.048835	-10.874064
JKT	DAR	13	128.711015	-11.720153
JKT	DAR	14	130.820000	-12.470000
MNL	KKB	0	120.960000	14.600000
MNL	KKB	1	120.535126	14.262387
MNL	KKB	2	120.272804	14.097634
MNL	KKB	3	119.937744	13.892744
MNL	KKB	4	120.366211	13.100211
MNL	KKB	5	120.706787	11.958723
MNL	KKB	6	120.050000	8.400000
MNL	KKB	7	117.362542	7.143619
MNL	KKB	8	117.046811	7.039180
MNL	KKB	9	116.844743	7.122733
MNL	KKB	10	115.714472	6.691357
MNL	KKB	11	116.066700	5.983300
KKB	HCM	0	116.066700	5.983300
KKB	HCM	1	115.714472	6.691357
KKB	HCM	2	114.584200	6.259600
KKB	HCM	3	114.000000	6.000000
KKB	HCM	4	114.372861	6.539664
KKB	HCM	5	111.913427	9.797721
KKB	HCM	6	110.806970	11.263464
KKB	HCM	7	109.758911	12.146746
KKB	HCM	8	108.632813	10.752366
KKB	HCM	9	107.300000	10.000000
KKB	HCM	10	106.750000	10.750000
DIL	DAR	0	125.583300	-8.533300
DIL	DAR	1	125.299072	-8.385431
DIL	DAR	2	126.349640	-8.223723
DIL	DAR	3	127.450000	-8.316700
DIL	DAR	4	130.000000	-10.600000
DIL	DAR	5	130.820000	-12.470000
SRB	POM	0	112.733300	-7.200000
SRB	POM	1	112.656555	-6.780535
SRB	POM	2	112.966712	-6.234898
SRB	POM	3	116.121303	-7.493125
SRB	POM	4	116.764022	-7.902296
SRB	POM	5	119.410400	-7.977638
SRB	POM	6	121.481323	-7.977638
SRB	POM	7	125.296168	-7.970308
SRB	POM	8	126.349640	-8.223723
SRB	POM	9	127.450000	-8.316700
SRB	POM	10	132.000000	-8.900000
SRB	POM	11	137.147643	-9.738213
SRB	POM	12	142.108154	-10.447299
SRB	POM	13	143.019818	-10.449856
SRB	POM	14	147.000000	-10.000000
SRB	POM	15	147.133300	-9.466700
BNT	HCM	0	113.066700	3.266700
BNT	HCM	1	114.000000	6.000000
BNT	HCM	2	114.372861	6.539664
BNT	HCM	3	111.913427	9.797721
BNT	HCM	4	110.806970	11.263464
BNT	HCM	5	109.758911	12.146746
BNT	HCM	6	108.632813	10.752366
BNT	HCM	7	107.300000	10.000000
BNT	HCM	8	106.750000	10.750000
GUM	HNL	0	144.616700	13.450000
GUM	HNL	1	144.800000	13.500000
GUM	HNL	2	144.841003	13.688688
GUM	HNL	3	145.072340	13.732850
GUM	HNL	4	148.221324	14.600720
GUM	HNL	5	149.999214	15.090712
GUM	HNL	6	150.698000	15.283300
GUM	HNL	7	153.339105	16.017911
GUM	HNL	8	153.964489	16.191858
GUM	HNL	9	156.246900	16.826700
GUM	HNL	10	156.824552	16.969565
GUM	HNL	11	159.999641	17.754827
GUM	HNL	12	161.192554	18.049858
GUM	HNL	13	161.880900	18.220100
GUM	HNL	14	167.091751	19.392125
GUM	HNL	15	167.500000	19.500000
GUM	HNL	16	173.740900	19.857300
GUM	HNL	17	180.000000	20.000000
GUM	HNL	18	180.000000	20.000000
GUM	HNL	19	190.000000	20.000000
GUM	HNL	20	191.397894	20.157426
GUM	HNL	21	196.142100	20.691700
GUM	HNL	22	-157.860000	21.310000
LAE	HBA	0	147.000000	-6.733300
LAE	HBA	1	148.673099	-6.628940
LAE	HBA	2	151.062012	-8.200616
LAE	HBA	3	152.138672	-10.439196
LAE	HBA	4	152.105713	-11.013993
LAE	HBA	5	152.235448	-11.903124
LAE	HBA	6	152.720317	-13.622989
LAE	HBA	7	152.878902	-16.230833
LAE	HBA	8	153.016375	-18.491499
LAE	HBA	9	153.575134	-24.584593
LAE	HBA	10	153.800000	-27.150000
LAE	HBA	11	153.735061	-27.995492
LAE	HBA	12	153.830566	-28.671311
LAE	HBA	13	153.391113	-30.349176
LAE	HBA	14	152.748413	-32.481963
LAE	HBA	15	152.250000	-33.000000
LAE	HBA	16	151.500000	-34.000100
LAE	HBA	17	150.100000	-37.700000
LAE	HBA	18	149.702978	-39.612923
LAE	HBA	19	149.382808	-41.159940
LAE	HBA	20	149.000000	-43.000000
LAE	HBA	21	147.700000	-43.600000
LAE	HBA	22	147.330000	-42.880000
TAU	SYP	0	176.166700	-37.633300
TAU	SYP	1	175.893188	-36.516825
TAU	SYP	2	175.297852	-36.399178
TAU	SYP	3	175.020447	-36.242058
TAU	SYP	4	174.623566	-35.966336
TAU	SYP	5	174.635925	-35.328571
TAU	SYP	6	174.317322	-35.090698
TAU	SYP	7	173.600464	-34.834096
TAU	SYP	8	173.008080	-34.233624
TAU	SYP	9	172.300000	-34.400000
TAU	SYP	10	167.093500	-34.628700
TAU	SYP	11	165.740355	-34.631007
TAU	SYP	12	165.251846	-34.631840
TAU	SYP	13	161.873200	-34.637600
TAU	SYP	14	160.002371	-34.561894
TAU	SYP	15	156.666400	-34.426900
TAU	SYP	16	151.500000	-34.000100
TAU	SYP	17	151.312981	-33.835631
TAU	SYP	18	151.278305	-33.828787
TAU	SYP	19	151.251183	-33.856945
TAU	SYP	20	151.230000	-33.850000
LKA	AKP	0	177.450000	-17.600000
LKA	AKP	1	176.900000	-18.300000
LKA	AKP	2	177.478417	-18.939126
LKA	AKP	3	177.839026	-19.198011
LKA	AKP	4	177.105028	-20.708282
LKA	AKP	5	175.559521	-27.612171
LKA	AKP	6	174.999500	-30.093500
LKA	AKP	7	174.712790	-31.231075
LKA	AKP	8	174.000000	-34.000000
LKA	AKP	9	174.317322	-35.090698
LKA	AKP	10	174.635925	-35.328571
LKA	AKP	11	174.623566	-35.966336
LKA	AKP	12	175.020447	-36.242058
LKA	AKP	13	174.800000	-36.840000
SUV	NOU	0	178.416700	-18.133300
SUV	NOU	1	178.700000	-18.400000
SUV	NOU	2	177.478417	-18.939126
SUV	NOU	3	173.282700	-20.787200
SUV	NOU	4	167.700000	-23.000000
SUV	NOU	5	166.433300	-22.283300
TAR	GUM	0	172.933300	1.333300
TAR	GUM	1	173.100000	1.100000
TAR	GUM	2	169.847100	3.330200
TAR	GUM	3	166.584200	5.558200
TAR	GUM	4	164.764209	6.792336
TAR	GUM	5	163.304300	7.782300
TAR	GUM	6	160.000000	10.000000
TAR	GUM	7	158.375308	10.011926
TAR	GUM	8	155.000200	10.036700
TAR	GUM	9	150.000000	10.000000
TAR	GUM	10	145.072340	13.732850
TAR	GUM	11	144.841003	13.688688
TAR	GUM	12	144.800000	13.500000
TAR	GUM	13	144.616700	13.450000
PTP	BUS	0	158.650000	53.050000
PTP	BUS	1	156.127378	49.643654
PTP	BUS	2	154.355461	47.132377
PTP	BUS	3	151.803200	46.104700
PTP	BUS	4	146.000000	43.200000
PTP	BUS	5	143.401627	41.699651
PTP	BUS	6	141.277588	41.681992
PTP	BUS	7	140.352539	41.363637
PTP	BUS	8	139.744224	41.259182
PTP	BUS	9	129.972285	35.665533
PTP	BUS	10	129.597473	35.429344
PTP	BUS	11	129.050000	35.070000
PTP	ANC	0	158.650000	53.050000
PTP	ANC	1	164.732300	51.921400
PTP	ANC	2	172.900000	52.600000
PTP	ANC	3	180.000000	50.000000
PTP	ANC	4	180.000000	50.000000
PTP	ANC	5	180.514157	50.252896
PTP	ANC	6	183.003777	50.558732
PTP	ANC	7	188.444846	51.295103
PTP	ANC	8	191.794400	51.096600
PTP	ANC	9	191.919030	51.079944
PTP	ANC	10	192.528370	51.486083
PTP	ANC	11	196.000000	53.800000
PTP	ANC	12	195.744100	54.055800
PTP	ANC	13	197.440310	54.272848
PTP	ANC	14	197.905700	54.332400
PTP	ANC	15	199.045100	54.724600
PTP	ANC	16	199.842900	55.198300
PTP	ANC	17	200.163300	55.334800
PTP	ANC	18	200.830300	55.300600
PTP	ANC	19	201.452700	55.399300
PTP	ANC	20	203.252700	55.940800
PTP	ANC	21	204.046400	56.629600
PTP	ANC	22	204.590500	57.277400
PTP	ANC	23	207.137300	58.896100
PTP	ANC	24	207.664900	59.528600
PTP	ANC	25	207.753100	59.638300
PTP	ANC	26	207.795600	59.681400
PTP	ANC	27	207.997100	60.150800
PTP	ANC	28	208.031400	60.195800
PTP	ANC	29	208.267300	60.526900
PTP	ANC	30	208.470200	60.783800
PTP	ANC	31	208.931700	60.960000
PTP	ANC	32	209.066600	61.025200
PTP	ANC	33	209.475500	61.140700
PTP	ANC	34	209.606200	61.166700
PTP	ANC	35	209.758900	61.073700
PTP	ANC	36	-149.900000	61.200000
PVK	ANC	0	170.300000	69.716700
PVK	ANC	1	167.695313	70.377854
PVK	ANC	2	165.333252	70.598021
PVK	ANC	3	159.257813	71.663663
PVK	ANC	4	152.566956	72.614433
PVK	ANC	5	145.561900	73.058584
PVK	ANC	6	138.691406	73.073844
PVK	ANC	7	135.878906	72.422268
PVK	ANC	8	132.187500	72.633374
PVK	ANC	9	130.429688	73.627789
PVK	ANC	10	127.089844	74.259738
PVK	ANC	11	122.080078	74.543330
PVK	ANC	12	119.970703	75.430979
PVK	ANC	13	114.169922	77.427824
PVK	ANC	14	105.732422	77.989049
PVK	ANC	15	100.546875	77.655346
PVK	ANC	16	93.515625	77.254479
PVK	ANC	17	89.824219	76.142958
PVK	ANC	18	81.738281	74.543330
PVK	ANC	19	76.226700	73.717800
PVK	ANC	20	72.271600	73.742500
PVK	ANC	21	69.591000	73.680800
PVK	ANC	22	60.538200	71.290800
PVK	ANC	23	57.550000	70.204300
PVK	ANC	24	56.934700	69.485100
PVK	ANC	25	45.833919	69.551660
PVK	ANC	26	32.034679	70.633107
PVK	ANC	27	27.100000	71.300000
PVK	ANC	28	23.400000	71.150000
PVK	ANC	29	20.921784	70.740799
PVK	ANC	30	17.000000	70.000000
PVK	ANC	31	-8.687500	70.758100
PVK	ANC	32	-17.456723	69.574068
PVK	ANC	33	-22.788155	68.857984
PVK	ANC	34	-31.819100	66.907700
PVK	ANC	35	-36.850700	65.030400
PVK	ANC	36	-39.017100	62.947400
PVK	ANC	37	-40.000000	60.000000
PVK	ANC	38	-42.671671	57.674392
PVK	ANC	39	-45.247350	55.432342
PVK	ANC	40	-45.625700	55.103000
PVK	ANC	41	-47.662265	52.727171
PVK	ANC	42	-50.000000	50.000000
PVK	ANC	43	-52.700000	46.800000
PVK	ANC	44	-54.000000	46.100000
PVK	ANC	45	-55.000000	45.000000
PVK	ANC	46	-60.561800	42.993600
PVK	ANC	47	-63.295397	41.804622
PVK	ANC	48	-64.632986	41.222837
PVK	ANC	49	-65.753200	40.735600
PVK	ANC	50	-66.667038	40.268045
PVK	ANC	51	-68.618387	39.269660
PVK	ANC	52	-68.792396	39.180631
PVK	ANC	53	-69.241398	38.950904
PVK	ANC	54	-69.375650	38.882215
PVK	ANC	55	-69.604627	38.144677
PVK	ANC	56	-69.810817	37.362267
PVK	ANC	57	-69.848971	37.216292
PVK	ANC	58	-69.880311	37.096388
PVK	ANC	59	-69.964704	36.773507
PVK	ANC	60	-70.106939	36.229325
PVK	ANC	61	-70.136352	36.116797
PVK	ANC	62	-70.617007	34.277845
PVK	ANC	63	-71.121104	32.349208
PVK	ANC	64	-71.294050	31.627217
PVK	ANC	65	-71.330979	31.465010
PVK	ANC	66	-71.479593	30.812221
PVK	ANC	67	-71.479597	30.812206
PVK	ANC	68	-71.557009	30.472172
PVK	ANC	69	-71.619263	30.198724
PVK	ANC	70	-71.643236	30.093423
PVK	ANC	71	-71.830207	29.272154
PVK	ANC	72	-72.164258	27.804838
PVK	ANC	73	-72.345858	27.007159
PVK	ANC	74	-72.416539	26.696695
PVK	ANC	75	-72.601429	25.865017
PVK	ANC	76	-72.911918	24.345691
PVK	ANC	77	-73.144706	23.206576
PVK	ANC	78	-73.420447	22.239253
PVK	ANC	79	-73.557010	21.779812
PVK	ANC	80	-73.811646	20.915266
PVK	ANC	81	-73.898851	20.346136
PVK	ANC	82	-73.900000	20.000000
PVK	ANC	83	-74.696227	18.915600
PVK	ANC	84	-75.000000	18.500000
PVK	ANC	85	-75.408284	17.801104
PVK	ANC	86	-75.900579	16.958398
PVK	ANC	87	-76.604059	15.754186
PVK	ANC	88	-77.163290	14.773087
PVK	ANC	89	-77.638723	13.975975
PVK	ANC	90	-80.000000	9.750000
PVK	ANC	91	-79.900612	9.208176
PVK	ANC	92	-79.821304	9.173012
PVK	ANC	93	-79.803246	9.118307
PVK	ANC	94	-79.741379	9.118236
PVK	ANC	95	-79.689331	9.106390
PVK	ANC	96	-79.641747	9.035982
PVK	ANC	97	-79.585922	8.992656
PVK	ANC	98	-79.494118	8.796576
PVK	ANC	99	-79.500000	8.600000
PVK	ANC	100	-79.672852	7.422389
PVK	ANC	101	-80.227822	6.983728
PVK	ANC	102	-81.400000	6.900000
PVK	ANC	103	-82.800000	7.416700
PVK	ANC	104	-87.997356	10.035818
PVK	ANC	105	-89.110835	10.580401
PVK	ANC	106	-90.991341	11.488840
PVK	ANC	107	-99.913376	15.630550
PVK	ANC	108	-99.900000	16.500000
PVK	ANC	109	-103.403320	17.983958
PVK	ANC	110	-106.489938	20.102998
PVK	ANC	111	-109.700000	22.500000
PVK	ANC	112	-112.510986	24.716895
PVK	ANC	113	-115.200000	27.500000
PVK	ANC	114	-117.300000	32.700000
PVK	ANC	115	-117.435608	33.167445
PVK	ANC	116	-118.121500	33.627600
PVK	ANC	117	-118.178800	33.627900
PVK	ANC	118	-118.295000	33.638400
PVK	ANC	119	-118.464800	33.636400
PVK	ANC	120	-118.486700	33.705600
PVK	ANC	121	-118.921300	33.912500
PVK	ANC	122	-119.267100	34.078600
PVK	ANC	123	-119.509900	34.127300
PVK	ANC	124	-119.873400	34.212200
PVK	ANC	125	-120.500500	34.354500
PVK	ANC	126	-120.884100	34.436100
PVK	ANC	127	-122.900000	37.700000
PVK	ANC	128	-124.152441	38.466818
PVK	ANC	129	-124.329100	38.655800
PVK	ANC	130	-127.670363	42.204835
PVK	ANC	131	-127.752866	42.292469
PVK	ANC	132	-129.455153	44.103293
PVK	ANC	133	-130.002814	44.691509
PVK	ANC	134	-130.892007	45.646550
PVK	ANC	135	-132.411326	47.278378
PVK	ANC	136	-132.691592	47.579399
PVK	ANC	137	-133.975899	48.958813
PVK	ANC	138	-134.449700	49.467700
PVK	ANC	139	-135.056783	50.000000
PVK	ANC	140	-136.903273	51.619032
PVK	ANC	141	-138.899944	53.369746
PVK	ANC	142	-146.030856	59.510972
PVK	ANC	143	-146.769400	60.143900
PVK	ANC	144	-147.739763	59.713884
PVK	ANC	145	-148.912599	59.353464
PVK	ANC	146	-149.791800	58.847800
PVK	ANC	147	-150.758200	58.679100
PVK	ANC	148	-152.862700	58.896100
PVK	ANC	149	-152.335100	59.528600
PVK	ANC	150	-152.246900	59.638300
PVK	ANC	151	-152.204400	59.681400
PVK	ANC	152	-152.002900	60.150800
PVK	ANC	153	-151.968600	60.195800
PVK	ANC	154	-151.732700	60.526900
PVK	ANC	155	-151.529800	60.783800
PVK	ANC	156	-151.068300	60.960000
PVK	ANC	157	-150.933400	61.025200
PVK	ANC	158	-150.524500	61.140700
PVK	ANC	159	-150.393800	61.166700
PVK	ANC	160	-150.241100	61.073700
PVK	ANC	161	-149.900000	61.200000
ARK	REK	0	40.533300	64.533300
ARK	REK	1	39.407547	65.483195
ARK	REK	2	40.908135	66.459280
ARK	REK	3	41.597800	67.038100
ARK	REK	4	41.202300	67.880300
ARK	REK	5	35.555300	69.554300
ARK	REK	6	33.402000	69.927100
ARK	REK	7	32.034679	70.633107
ARK	REK	8	27.100000	71.300000
ARK	REK	9	23.400000	71.150000
ARK	REK	10	20.921784	70.740799
ARK	REK	11	17.000000	70.000000
ARK	REK	12	-8.687500	70.758100
ARK	REK	13	-17.456723	69.574068
ARK	REK	14	-22.788155	68.857984
ARK	REK	15	-24.000000	66.500000
ARK	REK	16	-24.900000	65.600000
ARK	REK	17	-24.317138	64.712177
ARK	REK	18	-22.743897	64.646552
ARK	REK	19	-21.940000	64.150000
KAL	RTM	0	20.483300	54.700000
KAL	RTM	1	19.941387	54.615126
KAL	RTM	2	19.000000	55.000000
KAL	RTM	3	15.033417	54.927931
KAL	RTM	4	14.638863	55.096643
KAL	RTM	5	14.374661	55.229033
KAL	RTM	6	13.836081	55.240216
KAL	RTM	7	13.229812	55.252805
KAL	RTM	8	12.974851	55.258099
KAL	RTM	9	12.682550	55.305583
KAL	RTM	10	12.700195	55.514637
KAL	RTM	11	12.750000	55.900000
KAL	RTM	12	12.629725	56.063887
KAL	RTM	13	12.409121	56.337379
KAL	RTM	14	12.409118	56.337382
KAL	RTM	15	11.988567	56.905254
KAL	RTM	16	11.400000	57.700000
KAL	RTM	17	10.733300	57.800000
KAL	RTM	18	9.952745	57.599859
KAL	RTM	19	8.935400	57.406000
KAL	RTM	20	7.983627	56.821663
KAL	RTM	21	7.737900	56.670800
KAL	RTM	22	6.837383	55.808317
KAL	RTM	23	6.475957	55.462156
KAL	RTM	24	5.795345	54.764853
KAL	RTM	25	5.343228	54.126148
KAL	RTM	26	4.900000	53.500000
KAL	RTM	27	4.308389	52.513982
KAL	RTM	28	3.900000	52.000000
KAL	RTM	29	4.000000	51.950000
KOR	BUS	0	142.766700	46.616700
KOR	BUS	1	143.020020	45.706179
KOR	BUS	2	141.581635	45.795507
KOR	BUS	3	140.898134	45.837904
KOR	BUS	4	136.258596	42.026685
KOR	BUS	5	135.955609	41.770479
KOR	BUS	6	133.018934	39.226838
KOR	BUS	7	129.740295	36.184442
KOR	BUS	8	129.597473	35.429344
KOR	BUS	9	129.050000	35.070000
GRN	TOS	0	-51.100000	69.216700
GRN	TOS	1	-54.200000	69.000000
GRN	TOS	2	-54.360352	66.644268
GRN	TOS	3	-53.342201	64.813883
GRN	TOS	4	-52.465210	63.665760
GRN	TOS	5	-49.021496	60.448011
GRN	TOS	6	-44.200000	58.600000
GRN	TOS	7	-40.000000	60.000000
GRN	TOS	8	-39.017100	62.947400
GRN	TOS	9	-36.850700	65.030400
GRN	TOS	10	-31.819100	66.907700
GRN	TOS	11	-22.788155	68.857984
GRN	TOS	12	-17.456723	69.574068
GRN	TOS	13	-8.687500	70.758100
GRN	TOS	14	17.000000	70.000000
GRN	TOS	15	20.921784	70.740799
GRN	TOS	16	18.960000	69.650000
NUU	TOS	0	-51.750000	64.183300
NUU	TOS	1	-52.465210	63.665760
NUU	TOS	2	-49.021496	60.448011
NUU	TOS	3	-44.200000	58.600000
NUU	TOS	4	-40.000000	60.000000
NUU	TOS	5	-39.017100	62.947400
NUU	TOS	6	-36.850700	65.030400
NUU	TOS	7	-31.819100	66.907700
NUU	TOS	8	-22.788155	68.857984
NUU	TOS	9	-17.456723	69.574068
NUU	TOS	10	-8.687500	70.758100
NUU	TOS	11	17.000000	70.000000
NUU	TOS	12	20.921784	70.740799
NUU	TOS	13	18.960000	69.650000
RAB	GUM	0	152.183300	-4.200000
RAB	GUM	1	152.720450	-5.192472
RAB	GUM	2	153.635255	-5.135297
RAB	GUM	3	153.135688	-2.703306
RAB	GUM	4	152.580392	-0.000010
RAB	GUM	5	152.138048	2.153410
RAB	GUM	6	150.804341	7.233153
RAB	GUM	7	150.000000	10.000000
RAB	GUM	8	145.072340	13.732850
RAB	GUM	9	144.841003	13.688688
RAB	GUM	10	144.800000	13.500000
RAB	GUM	11	144.616700	13.450000
RAB	POM	0	152.183300	-4.200000
RAB	POM	1	152.720450	-5.192472
RAB	POM	2	152.138672	-10.439196
RAB	POM	3	152.105713	-11.013993
RAB	POM	4	152.235448	-11.903124
RAB	POM	5	150.139160	-11.221510
RAB	POM	6	147.000000	-10.000000
RAB	POM	7	147.133300	-9.466700
TIX	ARK	0	128.866700	71.633300
TIX	ARK	1	127.089844	74.259738
TIX	ARK	2	122.080078	74.543330
TIX	ARK	3	119.970703	75.430979
TIX	ARK	4	114.169922	77.427824
TIX	ARK	5	105.732422	77.989049
TIX	ARK	6	100.546875	77.655346
TIX	ARK	7	93.515625	77.254479
TIX	ARK	8	89.824219	76.142958
TIX	ARK	9	81.738281	74.543330
TIX	ARK	10	76.226700	73.717800
TIX	ARK	11	72.271600	73.742500
TIX	ARK	12	69.591000	73.680800
TIX	ARK	13	60.538200	71.290800
TIX	ARK	14	57.550000	70.204300
TIX	ARK	15	56.934700	69.485100
TIX	ARK	16	45.833919	69.551660
TIX	ARK	17	39.248681	69.592842
TIX	ARK	18	35.555300	69.554300
TIX	ARK	19	41.202300	67.880300
TIX	ARK	20	41.597800	67.038100
TIX	ARK	21	40.908135	66.459280
TIX	ARK	22	39.407547	65.483195
TIX	ARK	23	40.533300	64.533300
DDK	TIX	0	86.166700	69.400000
DDK	TIX	1	78.863400	72.584600
DDK	TIX	2	78.424000	73.230400
DDK	TIX	3	76.226700	73.717800
DDK	TIX	4	81.738281	74.543330
DDK	TIX	5	89.824219	76.142958
DDK	TIX	6	93.515625	77.254479
DDK	TIX	7	100.546875	77.655346
DDK	TIX	8	105.732422	77.989049
DDK	TIX	9	114.169922	77.427824
DDK	TIX	10	119.970703	75.430979
DDK	TIX	11	122.080078	74.543330
DDK	TIX	12	127.089844	74.259738
DDK	TIX	13	128.866700	71.633300
